setsize,orient_1,orient_2,position_1,position_2,contrast,test,testorient,correctresp,sub,resp,respRT,conf,confRT
2,102,8,3,4,0.5,4,8,4,1,5,0,NaN,0
1,78,,3,,0.5,3,78,2,1,NaN,0,1,0.430943965911865
2,4,100,1,3,0.5,1,4,4,1,2,1.40900301933289,1,1.08743381500244
2,352,102,1,3,0.5,3,102,3,1,NaN,0,1,0.863308906555176
2,348,10,1,4,0.8,4,10,4,1,NaN,0,1,0.271352052688599
2,78,350,3,4,0.8,1,NaN,5,1,5,0,3,1.11962294578552
1,14,,1,,0.5,2,NaN,5,1,1,1.42563486099243,3,0.655769824981689
1,82,,2,,0.5,1,NaN,5,1,5,1.24986600875854,3,0.544162034988403
1,346,,3,,0.8,3,346,1,1,1,1.12190914154053,3,0.528249025344849
1,8,,4,,0.8,4,8,4,1,4,0.738075971603394,3,0.528523921966553
2,10,80,3,4,0.8,3,10,4,1,NaN,0,1,1.48605704307556
1,102,,1,,0.5,1,102,3,1,2,1.28254413604736,1,0.928642988204956
1,100,,2,,0.5,2,100,3,1,3,0.770462989807129,3,1.07249402999878
2,82,356,3,4,0.8,3,82,2,1,NaN,0,1,0.321065187454224
2,4,348,2,3,0.5,2,4,4,1,1,1.18712592124939,NaN,0
2,8,84,2,4,0.8,4,84,2,1,3,1.37891793251038,1,0.721085071563721
2,80,6,1,4,0.5,2,NaN,5,1,5,0,3,0.561232089996338
2,104,12,2,3,0.5,1,NaN,5,1,5,0,3,0.865397930145264
2,86,354,2,4,0.5,3,NaN,5,1,5,0,NaN,0
1,12,,1,,0.5,1,12,4,1,NaN,0,1,1.40961813926697
1,346,,1,,0.5,3,NaN,5,1,5,0,3,0.641950130462646
2,100,8,2,4,0.5,3,NaN,5,1,5,0,2,0.850270986557007
2,100,100,1,4,0.5,3,NaN,5,1,5,0,2,0.594296932220459
2,80,4,1,3,0.8,2,NaN,5,1,5,0,2,0.498234987258911
2,352,346,1,2,0.8,1,352,1,1,1,0.320060968399048,2,1.23365187644958
1,80,,1,,0.8,1,80,2,1,2,0.987107038497925,2,1.04894495010376
1,10,,4,,0.5,4,10,4,1,3,1.03525805473328,1,1.16111612319946
2,346,352,2,3,0.5,2,346,1,1,NaN,0,NaN,0
1,12,,4,,0.5,2,NaN,5,1,5,0,3,0.4096519947052
1,98,,3,,0.8,3,98,3,1,2,1.09975814819336,NaN,0
2,352,346,3,4,0.5,1,NaN,5,1,5,0,3,0.458066940307617
2,12,98,3,4,0.8,2,NaN,5,1,5,0,3,0.634280204772949
1,80,,1,,0.8,4,NaN,5,1,5,0,3,0.63432502746582
2,102,94,1,3,0.8,1,102,3,1,2,1.2764151096344,1,1.22637104988098
2,12,14,1,4,0.5,4,14,4,1,4,0.784743070602417,2,0.522329092025757
1,94,,3,,0.8,4,NaN,5,1,1,0.928645133972168,3,0.810734033584595
1,78,,4,,0.5,3,NaN,5,1,5,0,3,0.522706985473633
2,102,4,1,3,0.5,4,NaN,5,1,5,0,2,0.570941925048828
1,12,,1,,0.8,4,NaN,5,1,5,0,2,0.667237043380737
2,102,86,2,4,0.8,3,NaN,5,1,5,0,3,0.443351030349731
1,100,,4,,0.8,4,100,3,1,3,0.673542022705078,3,0.379206895828247
1,352,,2,,0.5,1,NaN,5,1,5,1.21754503250122,2,0.987417936325073
2,104,100,2,4,0.5,1,NaN,5,1,1,1.13774085044861,2,0.811918020248413
2,356,354,2,3,0.8,2,356,1,1,4,1.15391111373901,1,1.46773195266724
2,348,14,1,3,0.8,1,348,1,1,4,1.47415709495544,3,1.49495100975037
2,350,102,1,4,0.5,4,102,3,1,NaN,0,1,0.284212827682495
1,4,,4,,0.5,4,4,4,1,3,1.01066303253174,1,1.22830986976624
1,12,,1,,0.5,1,12,4,1,3,1.48959708213806,1,1.49536895751953
1,350,,1,,0.8,4,NaN,5,1,1,0.512215852737427,3,0.637219905853271
2,356,94,1,4,0.8,2,NaN,5,1,5,1.15893387794495,3,0.629204988479614
1,98,,2,,0.5,2,98,3,1,NaN,0,1,0.277408123016357
1,12,,2,,0.8,4,NaN,5,1,NaN,0,3,0.373398065567017
2,12,8,1,3,0.8,4,NaN,5,1,1,1.14342904090881,1,0.725755929946899
1,104,,2,,0.8,2,104,3,1,3,0.871577978134155,3,0.837508916854858
2,10,84,1,4,0.8,3,NaN,5,1,5,0,3,0.518062114715576
2,86,80,2,3,0.5,4,NaN,5,1,5,0,2,0.710073947906494
2,12,346,1,3,0.8,4,NaN,5,1,1,1.16007208824158,2,1.28624606132507
2,98,78,3,4,0.5,1,NaN,5,1,5,1.12811994552612,3,0.582288026809692
2,10,82,1,3,0.8,4,NaN,5,1,5,0,2,1.06235885620117
2,352,78,3,4,0.5,1,NaN,5,1,5,0,2,0.886593103408813
1,86,,1,,0.8,1,86,2,1,2,1.12883901596069,3,0.935012102127075
1,78,,2,,0.8,3,NaN,5,1,1,1.11275196075439,2,0.839225053787231
1,14,,1,,0.5,4,NaN,5,1,1,1.06514501571655,2,0.695391178131104
1,356,,3,,0.5,4,NaN,5,1,5,0,3,1.23941612243652
1,8,,3,,0.5,3,8,4,1,1,1.03336787223816,NaN,0
1,98,,1,,0.5,4,NaN,5,1,1,0.905445098876953,3,0.775588035583496
2,8,84,2,3,0.5,3,84,2,1,NaN,0,1,0.279952049255371
1,76,,3,,0.8,2,NaN,5,1,5,1.11395502090454,NaN,0
2,96,80,3,4,0.5,3,96,3,1,NaN,0,3,0.200003147125244
2,6,78,1,2,0.8,1,6,4,1,2,1.4663360118866,NaN,0
2,6,76,2,4,0.5,1,NaN,5,1,1,0.794095039367676,3,0.392518997192383
1,6,,3,,0.5,3,6,4,1,4,0.762222051620483,3,0.408405065536499
2,80,350,1,3,0.8,2,NaN,5,1,1,0.381782054901123,3,0.639364004135132
1,104,,2,,0.5,2,104,3,1,3,0.857194185256958,3,0.582955837249756
2,98,346,1,2,0.8,1,98,3,1,NaN,0,3,1.04723596572876
2,104,80,2,3,0.8,3,80,2,1,2,1.48132586479187,2,1.17537307739258
1,78,,3,,0.8,3,78,2,1,2,1.49636888504028,3,1.2237708568573
2,350,78,2,3,0.8,4,NaN,5,1,1,1.30588102340698,NaN,0
2,80,100,1,3,0.5,3,100,3,1,2,1.30607295036316,NaN,0
2,4,94,1,3,0.8,2,NaN,5,1,5,0,3,0.824141025543213
1,80,,4,,0.5,4,80,2,1,2,0.730069875717163,3,0.408201932907104
2,350,94,2,3,0.5,1,NaN,5,1,5,0,3,0.456562995910645
2,352,356,1,4,0.8,3,NaN,5,1,5,0,2,1.12852716445923
2,4,356,2,4,0.8,1,NaN,5,1,1,1.1144847869873,NaN,0
1,80,,3,,0.5,3,80,2,1,2,0.842719078063965,3,0.872880935668945
2,356,10,3,4,0.8,1,NaN,5,1,5,1.05108308792114,2,0.537083864212036
1,78,,2,,0.5,3,NaN,5,1,5,0,2,1.11322784423828
1,354,,1,,0.8,1,354,1,1,1,0.843239068984985,3,0.649615049362183
1,346,,1,,0.5,2,NaN,5,1,5,0,3,0.425410032272339
1,352,,3,,0.5,4,NaN,5,1,5,0,2,0.617913007736206
1,86,,1,,0.8,1,86,2,1,2,0.939789056777954,3,0.969796895980835
1,102,,2,,0.8,3,NaN,5,1,5,0,2,0.906033992767334
2,352,350,1,3,0.8,1,352,1,1,1,1.27622389793396,3,0.906224012374878
1,14,,4,,0.8,1,NaN,5,1,5,0,3,0.506364107131958
1,348,,3,,0.5,4,NaN,5,1,5,0,3,0.618547916412354
1,354,,2,,0.5,2,354,1,1,1,0.912811994552612,3,0.890641927719116
2,4,346,2,4,0.5,2,4,4,1,NaN,0,3,0.966957807540894
2,4,100,1,4,0.5,3,NaN,5,1,1,0.89641809463501,3,0.730419158935547
2,78,346,1,2,0.8,1,78,2,1,2,1.20061802864075,3,0.938688039779663
2,100,82,1,4,0.8,1,100,3,1,2,1.48782205581665,3,0.794664859771729
2,104,98,1,2,0.5,1,104,3,1,3,1.24879884719849,3,1.49387192726135
2,352,354,2,4,0.8,1,NaN,5,1,5,0,3,0.811161994934082
1,104,,3,,0.5,3,104,3,1,3,0.785233020782471,3,0.683090925216675
2,354,348,1,2,0.8,2,348,1,1,1,0.945523023605347,2,0.763398885726929
1,86,,3,,0.5,1,NaN,5,1,1,1.24960398674011,NaN,0
1,96,,1,,0.5,1,96,3,1,2,0.753736972808838,3,0.747870922088623
1,102,,4,,0.5,4,102,3,1,3,0.929834842681885,3,0.667963981628418
1,350,,3,,0.5,3,350,1,1,1,1.15416598320007,3,0.747904062271118
1,78,,3,,0.5,3,78,2,1,2,1.02629804611206,3,0.812104940414429
1,14,,2,,0.8,2,14,4,1,4,0.834230899810791,3,0.47649097442627
2,352,84,3,4,0.8,4,84,2,1,3,1.48944592475891,1,1.48441004753113
1,4,,1,,0.5,1,4,4,1,4,0.818686008453369,3,0.416961908340454
2,10,104,1,2,0.8,4,NaN,5,1,5,0,3,0.609127044677734
1,104,,2,,0.5,4,NaN,5,1,5,0,3,0.588915824890137
2,102,100,2,3,0.8,3,100,3,1,2,1.45923209190369,3,0.909296989440918
2,80,104,1,2,0.8,1,80,2,1,3,1.20324397087097,3,0.897687911987305
2,352,356,3,4,0.8,4,356,1,1,NaN,0,3,0.881493091583252
2,76,356,2,3,0.5,4,NaN,5,1,5,0,3,0.529896974563599
2,80,346,3,4,0.5,1,NaN,5,1,5,0,3,0.833898067474365
2,352,78,2,4,0.8,1,NaN,5,1,5,0,3,0.929996967315674
1,76,,3,,0.5,3,76,2,1,2,0.347314119338989,3,0.472373962402344
1,86,,1,,0.8,3,NaN,5,1,5,0,3,0.495887041091919
1,12,,3,,0.5,3,12,4,1,4,0.993896961212158,3,0.528209209442139
1,104,,3,,0.5,4,NaN,5,1,5,0,3,0.864211082458496
2,78,354,1,4,0.8,2,NaN,5,1,5,0,3,0.880615949630737
2,100,84,1,3,0.5,4,NaN,5,1,1,1.17041301727295,3,0.672515869140625
1,76,,4,,0.5,4,76,2,1,2,1.13878107070923,3,1.1368100643158
2,86,6,2,4,0.5,4,6,4,1,4,1.1868679523468,3,0.737207889556885
1,14,,2,,0.5,2,14,4,1,4,1.12313199043274,3,0.545165061950684
1,98,,2,,0.5,2,98,3,1,3,0.835113048553467,3,0.449253082275391
1,4,,4,,0.8,4,4,4,1,4,0.819463014602661,3,0.465468883514404
1,354,,2,,0.8,2,354,1,1,1,0.899533033370972,3,0.641556024551392
2,84,76,1,4,0.8,2,NaN,5,1,1,1.02754807472229,3,0.75364089012146
1,8,,4,,0.8,1,NaN,5,1,1,0.995657920837402,3,0.786056041717529
1,84,,4,,0.5,1,NaN,5,1,5,0,3,0.754101037979126
1,78,,2,,0.5,2,78,2,1,2,1.04398703575134,3,0.450295925140381
1,348,,2,,0.5,4,NaN,5,1,3,0.932102203369141,3,0.482187986373901
1,86,,4,,0.8,4,86,2,1,2,0.900431156158447,3,0.674718856811523
2,346,86,2,3,0.5,2,346,1,1,1,1.49273896217346,3,0.882606983184814
1,98,,4,,0.5,1,NaN,5,1,5,0,2,0.498841047286987
1,14,,4,,0.8,4,14,4,1,4,1.23690700531006,3,0.691096067428589
2,86,96,3,4,0.8,4,96,3,1,3,1.06109380722046,3,0.547404050827026
1,100,,4,,0.8,1,NaN,5,1,5,0,3,0.867464065551758
1,348,,4,,0.5,4,348,1,1,4,1.41345596313477,3,1.4880850315094
2,6,352,1,2,0.8,4,NaN,5,1,3,0.429533958435059,3,0.623575210571289
2,100,354,1,4,0.5,4,354,1,1,1,1.27308821678162,3,0.919559955596924
1,348,,2,,0.5,1,NaN,5,1,5,0,3,1.04743909835815
2,14,102,1,2,0.8,1,14,4,1,1,1.49630808830261,2,0.999541997909546
1,4,,2,,0.5,3,NaN,5,1,5,0,2,0.424015998840332
2,98,6,1,3,0.5,1,98,3,1,3,1.38583302497864,2,1.09589910507202
2,100,354,2,4,0.8,4,354,1,1,4,1.40201592445374,3,1.27232098579407
2,354,100,2,4,0.8,3,NaN,5,1,5,0,3,1.4644238948822
2,80,104,1,3,0.5,2,NaN,5,1,5,0,3,0.504518032073975
1,12,,4,,0.8,4,12,4,1,4,1.46638107299805,2,1.11259984970093
2,98,348,1,4,0.5,2,NaN,5,1,5,0,3,0.792708158493042
1,96,,1,,0.8,1,96,3,1,3,0.538840055465698,3,1.19310092926025
2,12,350,2,4,0.5,3,NaN,5,1,5,0,3,0.857063055038452
1,96,,4,,0.5,4,96,3,1,2,1.49795317649841,3,1.28914213180542
1,12,,3,,0.8,1,NaN,5,1,5,0.987452983856201,2,0.601393938064575
1,12,,3,,0.8,1,NaN,5,1,5,0,2,0.681560039520264
2,86,78,2,4,0.8,4,78,2,1,4,1.49861407279968,1,0.121644020080566
2,98,86,2,3,0.5,4,NaN,5,1,5,1.01999092102051,3,0.585885047912598
1,14,,3,,0.8,1,NaN,5,1,5,0,3,1.08201217651367
1,6,,4,,0.8,3,NaN,5,1,5,0,2,0.954041004180908
2,356,352,1,2,0.8,4,NaN,5,1,5,0,3,0.954261064529419
1,82,,1,,0.8,3,NaN,5,1,5,0,1,1.22656106948853
1,100,,4,,0.8,4,100,3,1,3,0.785060882568359,3,0.922698974609375
1,10,,2,,0.8,2,10,4,1,4,0.993082046508789,3,0.954756021499634
2,104,6,1,2,0.5,1,104,3,1,3,0.617882966995239,3,0.748749971389771
2,96,6,2,3,0.8,3,6,4,1,4,1.33432388305664,3,0.78832483291626
1,100,,2,,0.5,4,NaN,5,1,5,0,2,0.788582801818848
1,350,,2,,0.8,2,350,1,1,1,0.82246994972229,3,0.420825004577637
2,102,348,1,2,0.5,4,NaN,5,1,5,0,2,1.46106290817261
1,356,,1,,0.8,3,NaN,5,1,5,0,3,1.02924203872681
1,346,,1,,0.8,3,NaN,5,1,5,0,3,0.549194097518921
1,356,,2,,0.8,4,NaN,5,1,1,0.935224056243896,3,0.613363027572632
1,348,,3,,0.8,4,NaN,5,1,5,1.28750991821289,3,1.38151597976685
2,82,100,1,4,0.8,2,NaN,5,1,5,0,2,0.741621017456055
1,96,,3,,0.8,3,96,3,1,3,0.823529958724976,3,0.485721826553345
1,354,,4,,0.5,4,354,1,1,1,1.38381218910217,3,1.25396394729614
2,94,94,2,4,0.8,3,NaN,5,1,5,1.15992999076843,3,0.518236875534058
2,96,86,1,2,0.8,1,96,3,1,3,1.30410408973694,2,1.03029894828796
2,346,104,1,2,0.5,2,104,3,1,3,1.32055497169495,3,1.07838797569275
2,8,6,2,3,0.5,3,6,4,1,3,1.19241285324097,1,1.28666305541992
2,104,354,2,3,0.8,4,NaN,5,1,5,1.01674318313599,3,0.518723964691162
2,12,350,3,4,0.8,4,350,1,1,1,1.27275705337524,3,0.934969186782837
1,102,,1,,0.8,2,NaN,5,1,5,0.953166961669922,3,0.487123966217041
1,82,,4,,0.8,1,NaN,5,1,5,0,3,1.22336506843567
1,76,,1,,0.5,3,NaN,5,1,5,1.09719586372375,3,1.06336307525635
2,82,96,3,4,0.5,2,NaN,5,1,5,0,3,1.01558780670166
2,104,102,1,2,0.5,3,NaN,5,1,5,0,3,0.423654794692993
2,350,6,1,4,0.5,1,350,1,1,4,1.4968900680542,1,1.36789703369141
2,104,348,2,3,0.5,2,104,3,2,NaN,0,NaN,0
2,98,102,1,3,0.5,2,NaN,5,2,NaN,0,1,1.19831109046936
1,80,,2,,0.8,3,NaN,5,2,NaN,0,2,1.40667700767517
1,94,,1,,0.5,3,NaN,5,2,2,0.544797897338867,2,1.27861094474792
1,102,,4,,0.5,1,NaN,5,2,3,0.80048394203186,1,1.01088881492615
2,84,12,2,3,0.8,4,NaN,5,2,4,1.15271091461182,1,1.03894996643066
1,354,,3,,0.5,3,354,1,2,1,1.12329888343811,2,1.31105303764343
1,86,,4,,0.8,4,86,2,2,2,0.627313852310181,3,0.767313957214355
1,4,,3,,0.5,3,4,4,2,4,1.28117394447327,2,1.19922685623169
2,348,76,1,4,0.5,2,NaN,5,2,NaN,0,2,1.39169311523438
1,100,,1,,0.8,1,100,3,2,3,0.545532941818237,3,0.863749980926514
2,14,6,2,4,0.8,2,14,4,2,NaN,0,2,0.528055191040039
2,354,352,1,3,0.8,3,352,1,2,NaN,0,2,1.48467397689819
2,94,10,1,2,0.8,1,94,3,2,3,0.705889940261841,1,0.928160905838013
2,94,84,3,4,0.5,2,NaN,5,2,5,0,2,0.99223780632019
1,84,,2,,0.5,2,84,2,2,2,0.898121118545532,3,0.656375885009766
1,350,,1,,0.5,1,350,1,2,1,0.930280923843384,3,1.34452295303345
2,346,348,1,3,0.5,4,NaN,5,2,5,0,2,1.0887291431427
2,10,6,3,4,0.5,2,NaN,5,2,5,0,2,0.576956033706665
2,82,86,2,4,0.8,3,NaN,5,2,NaN,0,2,1.00897097587585
2,12,8,3,4,0.5,3,12,4,2,4,1.17094707489014,3,1.04111003875732
2,352,356,1,4,0.5,1,352,1,2,1,0.453361034393311,3,0.865103960037231
2,80,8,1,4,0.5,2,NaN,5,2,5,0,3,0.833266973495483
2,86,104,1,3,0.8,1,86,2,2,3,0.787193059921265,2,0.945380210876465
2,348,104,2,3,0.8,4,NaN,5,2,5,0,1,0.912546157836914
1,102,,1,,0.5,1,102,3,2,3,0.679795980453491,3,0.661668062210083
1,96,,4,,0.8,4,96,3,2,3,0.727621078491211,3,0.677696943283081
1,10,,1,,0.5,1,10,4,2,4,1.03175497055054,3,0.870228052139282
1,6,,2,,0.5,2,6,4,2,4,0.536157131195068,3,0.662007808685303
2,14,8,2,4,0.8,3,NaN,5,2,5,0,3,0.550156116485596
2,94,352,2,4,0.8,4,352,1,2,NaN,0,2,1.04639291763306
2,356,80,1,2,0.8,1,356,1,2,4,0.968204975128174,1,1.07874894142151
1,94,,3,,0.5,3,94,3,2,3,0.536363840103149,3,0.502803087234497
1,8,,3,,0.8,1,NaN,5,2,5,0,3,1.38306713104248
2,356,346,3,4,0.8,1,NaN,5,2,5,0,3,1.01477098464966
2,98,98,2,4,0.5,3,NaN,5,2,NaN,0,2,1.39943194389343
1,10,,4,,0.8,1,NaN,5,2,5,0,3,1.49041604995728
1,80,,3,,0.8,3,80,2,2,2,1.49650883674622,3,1.12766695022583
1,86,,2,,0.8,2,86,2,2,2,0.825592994689941,3,0.935470819473267
1,10,,1,,0.5,2,NaN,5,2,5,0,3,0.743484020233154
1,350,,2,,0.5,2,350,1,2,1,0.761941909790039,3,0.615824937820435
1,102,,2,,0.8,4,NaN,5,2,5,0,3,1.04793500900269
2,356,98,2,4,0.5,1,NaN,5,2,5,0,1,0.951933145523071
2,356,84,3,4,0.5,1,NaN,5,2,5,0,3,0.456035852432251
1,10,,1,,0.8,1,10,4,2,3,1.0180881023407,1,0.888543128967285
1,102,,1,,0.8,1,102,3,2,3,1.29028701782227,2,0.952455997467041
1,104,,4,,0.8,4,104,3,2,3,1.09839296340942,3,1.00037908554077
1,94,,2,,0.8,2,94,3,2,3,0.954570770263672,3,1.06458806991577
1,84,,4,,0.5,3,NaN,5,2,5,0,3,0.589483022689819
2,346,76,1,2,0.5,1,346,1,2,4,1.49472999572754,1,1.22124409675598
2,104,94,1,4,0.8,2,NaN,5,2,5,0,3,0.996948957443237
1,356,,1,,0.5,3,NaN,5,2,5,0,2,1.3653199672699
1,356,,4,,0.8,2,NaN,5,2,5,0,3,1.02947306632996
2,96,348,1,2,0.5,4,NaN,5,2,5,0,3,1.09342002868652
2,82,100,1,2,0.5,2,100,3,2,3,1.44754886627197,1,0.94978404045105
1,76,,3,,0.8,2,NaN,5,2,5,0,3,1.20606684684753
2,346,78,1,3,0.5,1,346,1,2,4,1.23974895477295,1,1.33388304710388
2,98,10,2,3,0.8,2,98,3,2,2,1.09597015380859,1,0.965999126434326
1,78,,2,,0.5,1,NaN,5,2,5,0,3,1.19005393981934
2,14,76,1,2,0.8,4,NaN,5,2,5,0,3,0.742411851882935
1,98,,3,,0.8,3,98,3,2,2,0.584338903427124,1,1.14271402359009
2,82,8,3,4,0.8,3,82,2,2,3,1.43243479728699,2,1.15869402885437
1,6,,3,,0.5,3,6,4,2,4,0.744815826416016,2,1.22277092933655
1,80,,1,,0.8,1,80,2,2,2,0.600738048553467,3,0.69491982460022
2,348,346,2,3,0.8,1,NaN,5,2,5,0,3,1.0789589881897
1,4,,2,,0.8,2,4,4,2,4,0.98525595664978,3,1.44743704795837
1,80,,3,,0.5,2,NaN,5,2,5,0,3,0.855261087417603
1,84,,2,,0.5,2,84,2,2,2,0.745262145996094,3,1.04761600494385
1,76,,1,,0.5,3,NaN,5,2,5,0,3,1.49141907691956
2,6,6,2,4,0.8,3,NaN,5,2,5,0,3,0.919970989227295
2,102,6,2,4,0.8,1,NaN,5,2,5,0,3,0.919834852218628
2,356,76,2,4,0.8,3,NaN,5,2,5,0,2,0.984063148498535
1,8,,1,,0.8,2,NaN,5,2,5,0,3,1.2541298866272
1,82,,1,,0.5,1,82,2,2,2,1.14759802818298,3,1.03384280204773
1,8,,3,,0.5,1,NaN,5,2,5,0,3,0.858134031295776
1,346,,1,,0.8,2,NaN,5,2,5,0,3,1.06601810455322
1,96,,4,,0.5,4,96,3,2,3,0.688019990921021,2,1.06649494171143
1,96,,4,,0.8,4,96,3,2,3,0.636177062988281,3,0.794207096099854
1,76,,2,,0.8,2,76,2,2,2,0.720630884170532,3,0.666771173477173
2,82,356,1,4,0.5,2,NaN,5,2,5,0,2,0.60291600227356
1,350,,2,,0.5,1,NaN,5,2,5,0,2,1.06681489944458
1,84,,3,,0.8,3,84,2,2,2,0.496971845626831,2,0.923035144805908
2,4,14,1,4,0.8,3,NaN,5,2,5,0,1,1.17938709259033
1,346,,2,,0.8,2,346,1,2,1,0.801488161087036,2,1.05123090744019
1,352,,1,,0.8,3,NaN,5,2,5,0,2,1.08346605300903
1,14,,3,,0.8,3,14,4,2,4,1.08977198600769,2,1.13173604011536
1,346,,2,,0.8,3,NaN,5,2,NaN,0,1,1.19563984870911
2,12,6,1,4,0.5,1,12,4,2,4,0.833647012710571,2,0.843901872634888
1,86,,3,,0.5,3,86,2,2,2,0.529958963394165,2,1.11582708358765
1,96,,3,,0.8,3,96,3,2,3,0.562152862548828,2,1.19605708122253
2,10,348,1,2,0.8,3,NaN,5,2,NaN,0,1,1.16089701652527
2,354,80,1,2,0.8,1,354,1,2,4,1.45824599266052,1,0.848436832427979
1,4,,2,,0.8,2,4,4,2,4,0.754447937011719,2,1.07109904289246
2,80,8,1,2,0.5,1,80,2,2,3,0.770681142807007,1,0.880753993988037
2,8,86,1,4,0.8,4,86,2,2,3,0.98533821105957,1,0.865160942077637
2,94,354,2,4,0.8,2,94,3,2,1,0.803063154220581,1,0.988953113555908
1,102,,3,,0.5,1,NaN,5,2,5,0,2,0.867116928100586
2,76,94,1,3,0.5,2,NaN,5,2,5,0,2,0.902612924575806
2,354,100,2,3,0.5,2,354,1,2,4,1.22429990768433,2,1.23850798606873
2,102,104,1,4,0.8,1,102,3,2,3,1.12870812416077,1,1.35071802139282
1,12,,3,,0.8,3,12,4,2,4,0.760689973831177,2,0.742898941040039
2,14,104,2,3,0.8,4,NaN,5,2,5,0,2,0.855181932449341
1,354,,4,,0.8,1,NaN,5,2,5,0,1,0.711182832717896
1,94,,2,,0.8,2,94,3,2,3,0.793170213699341,2,0.599570035934448
1,354,,2,,0.5,4,NaN,5,2,5,0,2,0.983330965042114
1,12,,4,,0.8,2,NaN,5,2,3,1.46568584442139,NaN,0
2,12,104,1,4,0.5,4,104,3,2,2,0.857434034347534,2,0.87168288230896
2,78,80,2,3,0.5,4,NaN,5,2,5,0,2,1.00007605552673
2,94,10,3,4,0.5,2,NaN,5,2,5,0,1,0.807842016220093
2,12,6,1,3,0.5,4,NaN,5,2,5,0,1,0.904014110565186
2,86,86,1,2,0.8,3,NaN,5,2,5,0,1,0.712215900421143
1,6,,1,,0.8,1,6,4,2,1,1.37426614761353,1,1.03223609924316
1,4,,2,,0.5,2,4,4,2,4,0.638595104217529,2,0.536434888839722
1,356,,4,,0.5,4,356,1,2,1,0.734552145004272,2,0.55263090133667
2,8,14,2,4,0.8,2,8,4,2,4,0.83073902130127,1,1.19275403022766
2,104,14,3,4,0.8,2,NaN,5,2,5,0,1,0.825180053710938
2,346,346,1,2,0.5,4,NaN,5,2,5,0,2,0.920990943908691
2,98,94,3,4,0.8,3,98,3,2,3,0.79944896697998,2,0.937278032302856
1,348,,4,,0.5,4,348,1,2,1,0.703600883483887,2,0.553611993789673
2,346,350,2,3,0.5,1,NaN,5,2,5,0,1,0.921520948410034
1,96,,1,,0.5,1,96,3,2,NaN,0,3,0.866055965423584
2,8,78,2,3,0.5,4,NaN,5,2,5,0,2,0.488471031188965
2,350,354,1,4,0.8,2,NaN,5,2,5,0,2,0.869584083557129
1,100,,1,,0.5,2,NaN,5,2,5,0,2,0.821762084960938
2,94,100,1,2,0.8,2,100,3,2,3,0.855792999267578,1,0.486096143722534
2,80,6,1,3,0.5,3,6,4,2,4,1.11198711395264,1,0.486274003982544
2,104,356,3,4,0.5,1,NaN,5,2,5,0,1,0.870311975479126
2,4,94,3,4,0.8,4,94,3,2,2,1.25661206245422,2,0.870260000228882
2,4,86,1,3,0.5,4,NaN,5,2,5,0,1,1.17467999458313
1,80,,2,,0.5,3,NaN,5,2,5,0,2,0.838987827301025
2,4,346,2,3,0.8,4,NaN,5,2,5,0,2,0.646717071533203
2,354,102,3,4,0.5,3,354,1,2,4,1.32082104682922,1,1.31898903846741
1,4,,4,,0.8,1,NaN,5,2,5,0,2,1.22305989265442
1,84,,1,,0.8,4,NaN,5,2,5,0,2,0.807245016098022
1,84,,1,,0.5,3,NaN,5,2,5,0,1,0.711389064788818
2,94,4,1,4,0.8,2,NaN,5,2,5,0,1,1.01544690132141
1,12,,4,,0.5,1,NaN,5,2,5,0,2,0.487546920776367
1,82,,4,,0.5,3,NaN,5,2,5,0,2,0.85579514503479
1,8,,2,,0.8,1,NaN,5,2,5,0,1,0.840113878250122
2,6,348,2,3,0.8,2,6,4,2,4,1.24183201789856,1,1.09595608711243
2,10,82,2,4,0.5,4,82,2,2,2,0.84208083152771,2,1.11229681968689
2,78,12,2,4,0.5,4,12,4,2,4,1.14612197875977,2,0.840308904647827
1,346,,3,,0.8,1,NaN,5,2,5,0,1,0.76312780380249
1,86,,2,,0.8,2,86,2,2,2,0.602567195892334,1,1.06720995903015
2,76,10,1,3,0.8,4,NaN,5,2,5,0,1,0.541850090026855
1,352,,4,,0.8,1,NaN,5,2,5,0,1,0.455870866775513
2,6,14,3,4,0.5,2,NaN,5,2,5,0,2,0.437242984771729
1,104,,4,,0.5,4,104,3,2,3,0.551424026489258,3,0.757647037506104
2,84,356,1,4,0.5,2,NaN,5,2,5,0,2,0.520171165466309
1,12,,2,,0.8,2,12,4,2,4,0.615551948547363,2,0.677708864212036
2,354,86,1,4,0.5,1,354,1,2,1,1.22377014160156,1,1.23814511299133
1,76,,1,,0.8,1,76,2,2,4,1.41612911224365,NaN,0
2,96,80,1,3,0.5,4,NaN,5,2,5,0,2,0.88602089881897
1,6,,1,,0.5,1,6,4,2,1,1.16021299362183,1,0.82515287399292
2,12,100,2,4,0.8,4,100,3,2,4,1.38420605659485,1,0.77474308013916
1,352,,1,,0.5,2,NaN,5,2,5,0,2,0.390914916992188
1,86,,3,,0.5,4,NaN,5,2,5,0,2,0.759108781814575
1,76,,2,,0.8,1,NaN,5,2,5,0,2,0.775012969970703
2,94,352,1,3,0.8,4,NaN,5,2,NaN,0,1,0.823416948318481
2,84,98,2,3,0.8,3,98,3,2,2,0.536945104598999,1,0.855121850967407
1,102,,3,,0.5,3,102,3,2,3,0.521129131317139,2,0.569949865341187
2,84,8,2,3,0.5,1,NaN,5,2,5,0,2,0.647397994995117
2,84,352,1,2,0.8,1,84,2,2,4,1.19366908073425,1,0.775528192520142
2,104,86,2,4,0.5,1,NaN,5,2,5,0,1,0.458355903625488
2,94,80,2,4,0.8,2,94,3,2,2,1.28975510597229,1,0.887923002243042
2,78,102,3,4,0.8,3,78,2,2,2,0.490123987197876,1,0.48797082901001
2,346,348,1,2,0.5,3,NaN,5,2,5,0,1,0.504165172576904
1,84,,4,,0.5,4,84,2,2,2,0.890270948410034,2,0.824509143829346
2,82,98,1,4,0.8,3,NaN,5,2,5,0,2,0.877521991729736
1,352,,3,,0.8,1,NaN,5,2,5,0,2,0.581295013427734
1,94,,4,,0.8,4,94,3,2,3,0.519330024719238,2,0.565560102462769
1,8,,4,,0.5,1,NaN,5,2,5,0,2,0.501538991928101
2,86,80,1,2,0.5,2,80,2,2,2,0.583586931228638,1,0.453724145889282
2,80,100,2,3,0.5,4,NaN,5,2,5,0,1,1.01383304595947
2,354,4,1,2,0.8,3,NaN,5,2,5,0,1,0.69410514831543
1,12,,2,,0.5,2,12,4,2,NaN,0,2,1.04620218276978
2,104,82,2,3,0.8,2,104,3,2,3,0.488281965255737,1,0.406478881835938
1,96,,4,,0.5,4,96,3,2,3,0.936239957809448,2,1.41731405258179
1,4,,3,,0.8,2,NaN,5,2,5,0,1,0.50273609161377
2,346,100,3,4,0.5,4,100,3,2,3,0.680525779724121,2,1.03093600273132
1,356,,3,,0.5,3,356,1,2,1,0.7445969581604,1,0.966901063919067
1,10,,4,,0.5,1,NaN,5,2,5,0,1,0.598868846893311
1,10,,4,,0.5,2,NaN,5,2,2,0.84107494354248,1,0.55134391784668
2,96,4,1,3,0.5,1,96,3,2,4,0.841004133224487,1,0.88721489906311
2,100,94,3,4,0.8,2,NaN,5,2,5,0,2,0.727447032928467
1,14,,1,,0.8,1,14,4,2,4,0.489238977432251,2,0.487739086151123
2,98,76,1,4,0.8,4,76,2,2,2,0.809382200241089,1,0.871840000152588
2,12,102,1,3,0.5,4,NaN,5,2,5,0,2,0.471739053726196
2,350,96,1,3,0.5,1,350,1,2,4,1.06577110290527,1,0.887899875640869
2,346,4,1,3,0.5,2,NaN,5,2,5,0,1,0.728034019470215
1,100,,3,,0.5,1,NaN,5,2,5,0,1,0.472094058990479
1,354,,3,,0.8,3,354,1,2,1,0.634253025054932,2,0.936263084411621
2,14,76,1,4,0.5,4,76,2,3,5,0,1,1.45781588554382
1,352,,2,,0.5,1,NaN,5,3,5,0,3,0.845467090606689
1,6,,1,,0.8,1,6,4,3,1,1.4397439956665,2,1.28959393501282
2,12,346,3,4,0.8,2,NaN,5,3,5,0,3,0.521477937698364
2,86,86,1,3,0.8,3,86,2,3,2,1.13591504096985,2,0.621856927871704
1,98,,4,,0.8,4,98,3,3,2,1.37597393989563,2,0.905888080596924
1,86,,4,,0.8,4,86,2,3,3,1.36008596420288,2,1.00204491615295
2,4,84,3,4,0.8,3,4,4,3,5,0,3,1.01815414428711
2,8,352,1,4,0.5,3,NaN,5,3,5,0,3,0.634405136108398
1,94,,2,,0.8,3,NaN,5,3,5,0,3,0.618492841720581
2,12,346,1,3,0.8,3,346,1,3,4,1.48865485191345,1,1.19487309455872
2,96,10,1,4,0.8,4,10,4,3,NaN,0,3,1.38703608512878
1,82,,1,,0.5,1,82,2,3,3,0.881181955337524,2,0.826941967010498
1,102,,1,,0.5,1,102,3,3,2,1.36131405830383,2,1.21141481399536
2,80,352,2,3,0.5,2,80,2,3,NaN,0,1,1.3871738910675
1,346,,3,,0.8,3,346,1,3,4,1.48950386047363,2,0.843419075012207
2,100,98,1,3,0.8,3,98,3,3,NaN,0,3,0.66756010055542
2,82,102,2,4,0.8,3,NaN,5,3,2,1.15415000915527,1,0.843786001205444
2,82,12,1,2,0.5,3,NaN,5,3,5,0,3,0.427978038787842
1,84,,3,,0.5,4,NaN,5,3,5,0,3,0.432293891906738
1,76,,3,,0.8,4,NaN,5,3,5,0,3,0.480602979660034
2,82,102,1,2,0.5,2,102,3,3,2,1.29874610900879,2,0.816524028778076
1,352,,3,,0.8,2,NaN,5,3,5,0,3,0.432682037353516
1,96,,1,,0.8,1,96,3,3,2,1.01106119155884,2,0.977195024490356
1,348,,4,,0.5,3,NaN,5,3,5,0,3,0.369332075119019
1,76,,4,,0.5,2,NaN,5,3,5,0,3,0.424993991851807
2,10,76,2,4,0.8,1,NaN,5,3,NaN,0,3,0.776777982711792
1,96,,2,,0.8,3,NaN,5,3,5,0,3,0.392956018447876
2,76,102,1,3,0.5,2,NaN,5,3,5,0,3,0.553356885910034
2,78,76,1,2,0.5,1,78,2,3,2,1.49818897247314,2,0.953516960144043
1,96,,4,,0.5,4,96,3,3,2,0.635422945022583,3,0.409406900405884
1,14,,3,,0.5,1,NaN,5,3,5,0,3,0.985826015472412
2,4,78,1,3,0.5,1,4,4,3,NaN,0,2,1.24194097518921
1,10,,1,,0.5,4,NaN,5,3,5,0,3,0.665934085845947
2,84,78,2,4,0.5,1,NaN,5,3,5,0,3,0.394163131713867
1,102,,3,,0.5,2,NaN,5,3,5,0,3,0.458276987075806
2,348,14,1,3,0.8,1,348,1,3,4,1.4874861240387,2,0.010383129119873
1,104,,3,,0.5,3,104,3,3,2,1.26457786560059,3,0.906483888626099
2,76,82,1,4,0.5,4,82,2,3,NaN,0,1,0.762754917144775
2,80,350,1,3,0.8,2,NaN,5,3,5,0,3,0.378982782363892
2,8,96,1,3,0.8,1,8,4,3,1,1.05737686157227,2,0.411180019378662
2,82,100,2,3,0.5,4,NaN,5,3,5,0,1,0.891149044036865
1,102,,2,,0.8,2,102,3,3,NaN,0,3,1.33928799629211
1,104,,4,,0.5,3,NaN,5,3,3,1.4417188167572,1,0.923548221588135
1,82,,1,,0.5,4,NaN,5,3,5,0,3,0.411724805831909
2,14,346,3,4,0.8,1,NaN,5,3,5,0,3,0.363798856735229
1,80,,3,,0.5,3,80,2,3,2,1.47446298599243,3,0.860131978988647
2,98,8,1,4,0.5,3,NaN,5,3,5,0,3,0.700424909591675
1,104,,1,,0.8,1,104,3,3,NaN,0,1,0.793763160705566
1,80,,2,,0.5,2,80,2,3,3,0.739218950271606,2,0.769710063934326
1,10,,2,,0.5,3,NaN,5,3,NaN,0,3,0.753798007965088
1,354,,4,,0.5,4,354,1,3,4,0.723630905151367,3,0.673647165298462
1,78,,2,,0.8,3,NaN,5,3,5,0,3,0.609783172607422
1,102,,3,,0.5,1,NaN,5,3,5,0,3,0.433974981307983
1,4,,3,,0.8,1,NaN,5,3,5,0,3,0.434170007705688
1,82,,2,,0.8,4,NaN,5,3,5,0,3,0.498400926589966
2,354,350,1,2,0.5,1,354,1,3,1,0.708246946334839,NaN,0
2,102,82,3,4,0.8,1,NaN,5,3,5,0,3,0.354681968688965
1,84,,3,,0.5,1,NaN,5,3,5,0,3,0.43507194519043
1,84,,3,,0.8,2,NaN,5,3,5,0,3,0.418984889984131
1,86,,3,,0.8,3,86,2,3,2,1.06102204322815,2,1.36319708824158
1,14,,4,,0.5,4,14,4,3,5,0,1,0.499335050582886
1,354,,2,,0.5,3,NaN,5,3,5,0,3,0.435727834701538
2,86,80,2,3,0.8,4,NaN,5,3,5,0,3,0.435947179794312
2,84,12,1,4,0.5,4,12,4,3,4,1.49255895614624,1,0.723778963088989
1,346,,1,,0.5,1,346,1,3,1,1.15782880783081,2,0.420153141021729
1,356,,2,,0.8,1,NaN,5,3,5,0,3,0.420145988464355
1,10,,2,,0.5,2,10,4,3,1,1.27041101455688,2,0.916331052780151
2,104,12,1,3,0.8,1,104,3,3,3,1.4931218624115,1,0.788559913635254
2,100,78,3,4,0.8,1,NaN,5,3,5,0,3,0.45271897315979
2,6,78,2,4,0.8,3,NaN,5,3,5,0,3,0.965008020401001
2,82,4,2,4,0.5,1,NaN,5,3,5,0,3,0.436931133270264
1,98,,3,,0.8,3,98,3,3,2,0.860562086105347,2,0.655300855636597
2,4,78,1,2,0.5,1,4,4,3,1,1.25665497779846,1,0.887105941772461
2,356,104,2,3,0.8,1,NaN,5,3,5,0,3,0.710883140563965
2,348,12,2,4,0.5,3,NaN,5,3,5,0,3,0.375055074691772
2,96,356,2,3,0.5,2,96,3,3,2,1.14537382125854,2,0.599386215209961
2,352,350,1,4,0.8,4,350,1,3,4,1.06539607048035,2,0.999726057052612
1,8,,3,,0.5,3,8,4,3,1,1.32172799110413,NaN,0
1,8,,3,,0.8,3,8,4,3,4,0.793640851974487,3,0.407938003540039
2,84,102,1,4,0.8,4,102,3,3,NaN,0,1,1.07985401153564
1,94,,2,,0.5,2,94,3,3,2,0.585872888565063,2,0.42409610748291
1,80,,4,,0.8,4,80,2,3,2,0.746074914932251,3,0.424206972122192
2,76,4,2,3,0.5,3,4,4,3,2,1.41851401329041,1,0.520364999771118
1,350,,1,,0.8,3,NaN,5,3,5,0,3,0.648602962493896
2,356,10,1,4,0.5,2,NaN,5,3,5,0,3,0.376579999923706
1,348,,4,,0.8,4,348,1,3,1,0.634696960449219,2,0.489145994186401
2,80,76,1,4,0.5,4,76,2,3,4,1.49812507629395,1,1.12919592857361
1,10,,3,,0.8,3,10,4,3,NaN,0,3,1.4814760684967
1,356,,3,,0.8,2,NaN,5,3,5,0,3,0.441375017166138
1,104,,1,,0.8,1,104,3,3,3,0.891682863235474,2,0.889604091644287
2,10,348,2,4,0.8,1,NaN,5,3,5,0,3,0.457613945007324
1,6,,4,,0.8,4,6,4,3,4,0.571899890899658,3,0.842171907424927
2,14,104,3,4,0.5,3,14,4,3,NaN,0,1,1.1781599521637
1,8,,2,,0.8,3,NaN,5,3,5,0,3,0.442289113998413
2,14,104,3,4,0.8,3,14,4,3,3,1.48766613006592,1,1.06631803512573
1,86,,1,,0.8,3,NaN,5,3,5,0,3,0.58373498916626
2,80,84,2,4,0.8,3,NaN,5,3,5,0,3,0.411100149154663
2,8,354,1,4,0.8,1,8,4,3,1,0.865389823913574,NaN,0
2,10,104,2,3,0.5,3,104,3,3,2,0.705825090408325,1,0.363322973251343
2,78,94,1,2,0.5,3,NaN,5,3,5,0,3,0.459563970565796
2,78,84,3,4,0.5,3,78,2,3,3,0.721996068954468,NaN,0
2,352,86,1,4,0.8,4,86,2,3,3,1.18613910675049,1,0.39582085609436
2,80,14,2,4,0.8,1,NaN,5,3,5,0,3,0.380319833755493
2,4,6,1,3,0.8,2,NaN,5,3,5,0,3,0.828229904174805
2,348,98,3,4,0.5,1,NaN,5,3,5,0,3,0.460270881652832
2,6,8,2,3,0.8,2,6,4,3,1,1.18663001060486,NaN,0
1,354,,2,,0.5,3,NaN,5,3,5,0,3,0.444652080535889
1,78,,4,,0.5,4,78,2,3,3,0.915266990661621,NaN,0
1,354,,3,,0.8,3,354,1,3,1,0.803030014038086,3,0.385262966156006
1,6,,2,,0.5,2,6,4,3,4,1.05934810638428,3,0.561691045761108
1,98,,1,,0.8,3,NaN,5,3,NaN,0,3,0.609580993652344
1,102,,2,,0.5,1,NaN,5,3,5,0,3,0.337955951690674
2,354,4,2,3,0.5,3,4,4,3,1,1.41170406341553,2,1.04218792915344
2,102,102,1,2,0.8,3,NaN,5,3,5,0,3,0.402322053909302
1,12,,1,,0.8,3,NaN,5,3,5,0,3,0.434319019317627
2,102,80,2,3,0.8,4,NaN,5,3,5,1.49137902259827,3,0.0664069652557373
1,80,,3,,0.5,1,NaN,5,3,5,0,3,0.626548051834106
2,8,352,3,4,0.8,4,352,1,3,4,0.804877996444702,2,0.755146026611328
1,94,,1,,0.5,2,NaN,5,3,5,0,3,0.466887950897217
2,348,96,2,3,0.5,3,96,3,3,3,0.876744985580444,1,0.806904792785645
1,12,,1,,0.5,2,NaN,5,3,5,0,3,0.394357204437256
1,348,,3,,0.8,2,NaN,5,3,5,0,3,0.490577936172485
1,104,,3,,0.5,3,104,3,3,2,0.640916109085083,2,0.410559892654419
2,354,102,2,3,0.8,1,NaN,5,3,5,0,3,0.490827083587646
2,86,348,2,4,0.5,2,86,2,3,2,1.24938106536865,1,0.795047998428345
1,86,,1,,0.5,2,NaN,5,3,5,0,3,0.411101818084717
1,346,,4,,0.8,1,NaN,5,3,5,0,3,0.379299879074097
2,78,10,1,2,0.8,3,NaN,5,3,5,0,3,0.395609855651855
2,350,12,1,2,0.8,1,350,1,3,1,1.02600407600403,2,0.571703910827637
2,78,356,3,4,0.8,4,356,1,3,2,0.946147918701172,1,0.972064971923828
1,10,,1,,0.5,1,10,4,3,4,0.690129041671753,3,0.412259101867676
2,82,4,3,4,0.8,1,NaN,5,3,5,0,3,0.460099935531616
1,86,,2,,0.8,3,NaN,5,3,5,0,3,0.476217031478882
2,78,4,2,4,0.8,2,78,2,3,3,1.48966312408447,2,0.87644100189209
1,6,,1,,0.5,1,6,4,3,4,0.642749071121216,3,0.796702861785889
1,78,,4,,0.5,4,78,2,3,3,1.41097211837769,2,0.865108013153076
2,6,346,1,2,0.5,2,346,1,3,2,1.4432098865509,1,0.673321962356567
2,6,356,1,3,0.8,4,NaN,5,3,5,0,3,0.417290925979614
1,102,,2,,0.5,1,NaN,5,3,5,0,3,0.369827032089233
1,4,,2,,0.8,2,4,4,3,4,1.21963286399841,3,0.705646991729736
1,350,,1,,0.8,4,NaN,5,3,5,0,3,0.434067010879517
1,78,,4,,0.8,4,78,2,3,2,0.931809902191162,3,0.56196403503418
2,356,350,2,4,0.8,2,356,1,3,4,1.17216396331787,1,0.530543088912964
2,4,96,1,3,0.5,1,4,4,3,4,0.593631029129028,3,1.4633150100708
1,78,,4,,0.8,3,NaN,5,3,5,0,3,0.755936145782471
1,10,,1,,0.5,4,NaN,5,3,5,0,3,0.388063192367554
2,350,104,1,2,0.8,4,NaN,5,3,5,0,3,0.404171943664551
2,104,94,2,4,0.5,2,104,3,3,2,1.25417804718018,2,0.756684064865112
2,100,348,1,3,0.5,2,NaN,5,3,5,0,3,0.324661016464233
1,78,,2,,0.5,3,NaN,5,3,5,0,3,0.740683794021606
2,104,78,1,3,0.8,1,104,3,3,3,0.886754035949707,1,0.45271897315979
1,350,,3,,0.8,4,NaN,5,3,5,0,3,0.453296184539795
1,14,,4,,0.8,3,NaN,5,3,5,0,3,0.405447006225586
1,8,,2,,0.5,2,8,4,3,1,1.04729795455933,NaN,0
2,356,12,2,4,0.5,2,356,1,3,2,1.03173494338989,2,0.437808990478516
2,4,6,3,4,0.8,1,NaN,5,3,5,0,3,0.421609878540039
2,350,78,1,2,0.5,1,350,1,3,1,1.49476099014282,2,0.757855176925659
2,12,94,2,4,0.8,4,94,3,3,2,1.27201008796692,2,1.47807097434998
1,10,,4,,0.8,4,10,4,3,4,0.711997032165527,3,0.406469821929932
2,104,8,1,3,0.8,4,NaN,5,3,5,0,3,0.486384153366089
2,12,78,1,4,0.8,4,78,2,3,3,1.49542093276978,2,0.902370929718018
2,94,76,2,3,0.5,4,NaN,5,3,5,0,1,0.6145920753479
1,356,,3,,0.8,3,356,1,3,4,0.760757923126221,1,0.7429039478302
1,354,,1,,0.8,4,NaN,5,3,5,0,3,0.439164161682129
2,4,8,1,2,0.5,4,NaN,5,3,5,0,3,0.711174964904785
2,10,80,1,3,0.5,3,80,2,3,2,1.38534092903137,1,1.17551803588867
1,84,,2,,0.5,2,84,2,3,2,1.09771084785461,2,1.15948390960693
1,76,,1,,0.5,4,NaN,5,3,5,0,3,0.777982950210571
2,6,102,2,4,0.5,4,102,3,3,5,0,1,0.401511907577515
1,96,,4,,0.8,4,96,3,3,3,1.45960116386414,2,0.929654121398926
1,350,,4,,0.5,4,350,1,3,1,0.771638154983521,3,0.689723014831543
1,14,,1,,0.8,4,NaN,5,3,5,0,3,0.642169952392578
1,356,,2,,0.5,2,356,1,3,1,1.39611887931824,2,0.530517816543579
2,82,104,1,4,0.5,2,NaN,5,3,5,0,3,0.402267932891846
1,356,,4,,0.5,4,356,1,3,1,0.996257066726685,3,0.402423143386841
1,352,,4,,0.5,2,NaN,5,3,5,0,3,0.514689922332764
1,6,,4,,0.8,1,NaN,5,3,5,0,3,0.43486499786377
2,100,354,1,4,0.5,3,NaN,5,3,5,0,3,0.387302160263062
2,100,8,1,2,0.5,3,NaN,5,3,5,0,3,0.627264976501465
2,6,78,1,4,0.5,4,78,2,3,3,1.10921382904053,1,0.467639923095703
2,78,350,3,4,0.8,3,78,2,3,3,1.07744288444519,2,0.899516105651855
2,8,86,1,2,0.5,4,NaN,5,3,5,0,3,0.419788122177124
2,102,356,2,3,0.8,1,NaN,5,3,5,0,3,0.403921842575073
2,80,356,3,4,0.5,4,356,1,3,4,1.31775379180908,1,0.531904935836792
2,78,102,3,4,0.5,1,NaN,5,3,5,0,3,0.516288995742798
1,104,,1,,0.8,4,NaN,5,3,5,0,3,0.436193943023682
1,10,,2,,0.5,2,10,4,3,4,0.598249912261963,3,0.356523990631104
2,12,350,2,3,0.8,1,NaN,5,3,5,0,3,0.420713901519775
2,346,4,2,3,0.5,1,NaN,5,3,NaN,0,3,1.22110509872437
2,100,346,1,2,0.5,1,100,3,3,2,1.15881299972534,1,0.516930818557739
1,98,,4,,0.8,1,NaN,5,3,5,0,3,0.709035158157349
1,76,,4,,0.8,4,76,2,4,5,0,NaN,0
2,80,352,3,4,0.5,4,352,1,4,NaN,0,NaN,0
1,78,,3,,0.8,4,NaN,5,4,5,0,1,1.01497483253479
1,4,,3,,0.5,3,4,4,4,4,1.49860787391663,2,1.1111261844635
2,100,8,2,3,0.5,4,NaN,5,4,5,1.45339417457581,1,0.459255933761597
1,82,,1,,0.5,2,NaN,5,4,5,0,1,0.423498153686523
1,356,,1,,0.5,1,356,1,4,4,1.26175689697266,NaN,0
2,86,348,3,4,0.5,2,NaN,5,4,5,0.973804950714111,NaN,0
2,94,356,2,4,0.5,4,356,1,4,NaN,0,NaN,0
2,8,102,2,3,0.5,1,NaN,5,4,2,0.461916923522949,1,0.47185206413269
1,4,,3,,0.5,2,NaN,5,4,5,0.926028966903687,1,0.407975196838379
2,94,76,1,3,0.8,1,94,3,4,4,1.4879789352417,1,0.776259899139404
2,96,84,1,3,0.8,4,NaN,5,4,2,0.638312101364136,2,0.472516059875488
2,356,350,1,3,0.5,2,NaN,5,4,5,1.24682593345642,1,0.440685987472534
1,12,,1,,0.8,1,12,4,4,NaN,0,NaN,0
2,354,100,1,2,0.8,1,354,1,4,1,1.48853993415833,2,0.664952039718628
2,96,82,2,4,0.8,3,NaN,5,4,2,0.542795896530151,2,0.472811937332153
2,80,84,2,4,0.5,4,84,2,4,4,1.43905806541443,NaN,0
1,354,,1,,0.8,2,NaN,5,4,5,0.97522497177124,2,0.489168882369995
2,104,348,3,4,0.5,1,NaN,5,4,2,0.783210039138794,2,0.425579786300659
2,6,4,2,4,0.8,2,6,4,4,NaN,0,NaN,0
2,350,8,1,4,0.8,2,NaN,5,4,5,0.991801023483276,2,1.00146698951721
1,354,,4,,0.5,4,354,1,4,4,0.912014007568359,2,0.537812948226929
1,102,,3,,0.8,3,102,3,4,4,0.815858840942383,1,1.48382687568665
2,80,8,1,3,0.8,4,NaN,5,4,5,0.83227014541626,2,0.473963975906372
2,82,6,2,4,0.5,1,NaN,5,4,5,1.02445006370544,2,0.494746208190918
1,96,,4,,0.8,2,NaN,5,4,5,0.992480993270874,1,0.430611848831177
1,348,,4,,0.5,2,NaN,5,4,3,0.992506980895996,1,0.382818937301636
1,78,,4,,0.5,1,NaN,5,4,5,0,1,0.350791931152344
2,346,102,2,4,0.8,2,346,1,4,4,1.24874997138977,1,0.510909080505371
1,98,,1,,0.8,4,NaN,5,4,5,0,2,0.850059986114502
1,354,,3,,0.5,4,NaN,5,4,3,1.20004320144653,2,0.570035934448242
1,104,,1,,0.5,4,NaN,5,4,5,0.864284038543701,3,0.49026894569397
2,6,356,3,4,0.8,4,356,1,4,4,1.40834093093872,1,1.00230884552002
1,10,,1,,0.8,2,NaN,5,4,NaN,0,NaN,0
2,356,10,1,4,0.5,3,NaN,5,4,5,1.10446214675903,2,0.714331865310669
1,96,,1,,0.5,1,96,3,4,3,0.528650045394897,NaN,0
2,354,98,2,3,0.5,3,98,3,4,NaN,0,NaN,0
2,4,96,2,3,0.8,4,NaN,5,4,NaN,0,NaN,0
2,350,350,3,4,0.8,4,350,1,4,3,1.10496997833252,1,1.00306391716003
1,80,,4,,0.5,4,80,2,4,2,1.48900198936462,2,1.21143913269043
1,94,,2,,0.8,3,NaN,5,4,2,1.10544180870056,3,0.459190130233765
1,356,,1,,0.5,4,NaN,5,4,5,0.897461891174316,3,0.411699771881104
1,6,,3,,0.8,3,6,4,4,4,1.28172016143799,2,0.77991509437561
1,94,,3,,0.8,3,94,3,4,3,1.25004911422729,3,0.928057909011841
2,94,98,2,3,0.5,2,94,3,4,5,0,1,0.66779088973999
1,94,,4,,0.8,4,94,3,4,3,0.466181039810181,2,1.15489196777344
1,350,,1,,0.8,1,350,1,4,1,1.07426118850708,NaN,0
1,4,,2,,0.8,2,4,4,4,4,0.626287937164307,3,0.944730997085571
2,6,78,2,4,0.8,2,6,4,4,4,1.36244511604309,1,0.433000087738037
2,6,14,2,4,0.8,4,14,4,4,3,1.4745659828186,1,0.59260892868042
2,4,76,1,3,0.8,2,NaN,5,4,3,1.12269806861877,1,0.480922937393188
1,10,,3,,0.8,3,10,4,4,4,1.17080497741699,3,0.689349174499512
2,76,346,1,3,0.8,1,76,2,4,NaN,0,NaN,0
2,96,104,1,3,0.5,3,104,3,4,3,1.49092984199524,1,1.47355794906616
2,348,78,2,4,0.8,2,348,1,4,NaN,0,2,0.305738925933838
2,94,104,1,2,0.5,2,104,3,4,3,0.723521947860718,1,0.785623073577881
1,8,,1,,0.8,2,NaN,5,4,5,1.07561707496643,2,0.59375
1,356,,2,,0.5,2,356,1,4,4,1.10762095451355,NaN,0
1,94,,3,,0.5,4,NaN,5,4,5,0.995959043502808,3,0.625999212265015
2,6,80,1,4,0.8,1,6,4,4,NaN,0,NaN,0
2,82,98,1,2,0.5,3,NaN,5,4,2,0.884658098220825,2,0.499015092849731
2,86,96,1,4,0.5,4,96,3,4,NaN,0,1,1.37911891937256
2,78,352,1,3,0.5,2,NaN,5,4,5,0.91728687286377,1,0.419119834899902
2,94,352,1,4,0.8,4,352,1,4,2,1.17323017120361,1,0.403212070465088
2,76,78,2,4,0.8,1,NaN,5,4,5,1.07750391960144,1,0.419394969940186
2,350,352,2,4,0.5,3,NaN,5,4,5,0,1,0.323535919189453
1,82,,4,,0.5,3,NaN,5,4,5,0.757504940032959,2,0.886556148529053
2,78,10,1,4,0.8,1,78,2,4,NaN,0,NaN,0
2,346,356,1,2,0.8,4,NaN,5,4,5,0,2,1.44423198699951
1,84,,4,,0.5,4,84,2,4,2,1.1902220249176,3,1.10817193984985
1,76,,3,,0.8,2,NaN,5,4,5,0.934184074401855,NaN,0
2,14,86,1,4,0.8,3,NaN,5,4,5,0,1,1.34867310523987
2,10,352,2,3,0.8,2,10,4,4,4,1.49332690238953,2,0.00457906723022461
2,78,98,3,4,0.5,1,NaN,5,4,2,1.35068297386169,1,0.340749979019165
1,76,,1,,0.8,2,NaN,5,4,5,0.902791976928711,2,0.709078073501587
2,80,10,1,2,0.8,2,10,4,4,NaN,0,2,0.100983858108521
1,8,,2,,0.5,2,8,4,4,4,1.03127598762512,3,1.48818707466125
2,100,348,3,4,0.8,3,100,3,4,4,1.44703197479248,1,0.613239049911499
2,12,104,1,4,0.5,2,NaN,5,4,5,0,2,0.901472091674805
2,346,86,2,4,0.8,2,346,1,4,2,1.27136898040771,1,0.453567981719971
2,6,348,2,3,0.8,3,348,1,4,4,0.983503103256226,1,0.373909950256348
2,100,82,3,4,0.8,4,82,2,4,3,0.954396963119507,1,0.326045989990234
2,76,8,2,4,0.5,4,8,4,4,2,1.0317440032959,1,0.469866991043091
2,352,102,2,4,0.5,2,352,1,4,2,0.471990823745728,2,0.678108930587769
2,100,96,2,3,0.8,4,NaN,5,4,5,0.984496831893921,2,0.390453815460205
2,350,346,2,3,0.8,4,NaN,5,4,5,0,2,0.374401092529297
1,352,,2,,0.5,3,NaN,5,4,5,0.904361963272095,2,0.422796010971069
1,10,,4,,0.8,4,10,4,4,4,0.96845006942749,3,0.630702972412109
2,8,82,1,4,0.5,2,NaN,5,4,5,0.888598918914795,2,0.742780923843384
1,86,,3,,0.5,3,86,2,4,2,0.418359994888306,3,1.04261207580566
1,102,,3,,0.5,4,NaN,5,4,5,0.968079090118408,3,1.04629111289978
1,80,,2,,0.8,4,NaN,5,4,5,0.936276912689209,3,0.454216957092285
1,86,,2,,0.8,3,NaN,5,4,5,0.840270042419434,2,0.518519878387451
1,14,,1,,0.5,1,14,4,4,4,1.22448682785034,3,0.838650941848755
2,76,78,2,4,0.8,3,NaN,5,4,5,0.72881007194519,2,0.376131057739258
2,14,102,1,3,0.5,1,14,4,4,NaN,0,NaN,0
1,348,,2,,0.8,2,348,1,4,1,0.488852024078369,3,0.807013988494873
2,104,94,1,3,0.8,1,104,3,4,NaN,0,NaN,0
1,354,,3,,0.5,4,NaN,5,4,5,0.793210029602051,2,0.663496017456055
2,100,104,2,3,0.8,4,NaN,5,4,5,0.809535980224609,2,0.391686201095581
2,80,346,1,2,0.8,4,NaN,5,4,5,0.857422828674316,2,0.343724012374878
1,76,,1,,0.5,1,76,2,4,1,0.553875923156738,1,0.871953964233398
2,82,6,2,3,0.8,1,NaN,5,4,5,1.2580931186676,2,1.49216222763062
2,78,86,1,4,0.5,1,78,2,4,NaN,0,NaN,0
2,80,6,2,3,0.8,2,80,2,4,NaN,0,NaN,0
2,86,14,1,4,0.5,2,NaN,5,4,NaN,0,NaN,0
2,356,356,1,2,0.5,3,NaN,5,4,2,1.4824070930481,NaN,0
1,4,,2,,0.5,1,NaN,5,4,5,0,3,0.504626035690308
2,14,98,1,3,0.8,3,98,3,4,NaN,0,NaN,0
1,80,,2,,0.8,1,NaN,5,4,5,0.991036891937256,1,0.411733865737915
2,96,84,2,3,0.5,4,NaN,5,4,5,0,2,0.40934681892395
1,8,,2,,0.8,4,NaN,5,4,5,0,1,0.953155994415283
1,10,,3,,0.8,3,10,4,4,4,1.13531303405762,3,0.377284049987793
1,354,,3,,0.5,2,NaN,5,4,3,0.815636157989502,1,0.77745509147644
2,6,6,1,3,0.8,2,NaN,5,4,5,0,1,0.585692882537842
1,104,,1,,0.8,3,NaN,5,4,5,0,3,0.569691896438599
2,98,10,3,4,0.5,2,NaN,5,4,5,0.768167018890381,3,0.457973003387451
1,104,,3,,0.5,3,104,3,4,3,0.512003183364868,NaN,0
2,104,352,1,4,0.8,2,NaN,5,4,5,0.704409837722778,3,0.330045938491821
2,10,356,1,4,0.5,1,10,4,4,NaN,0,NaN,0
1,348,,4,,0.8,4,348,1,4,4,0.52192497253418,1,0.391812801361084
1,78,,2,,0.8,4,NaN,5,4,2,0.633964061737061,2,0.503971099853516
1,94,,3,,0.8,3,94,3,4,3,0.441911935806274,3,0.440177917480469
1,102,,3,,0.8,4,NaN,5,4,5,0,3,0.64820408821106
1,76,,1,,0.8,1,76,2,4,2,0.458139896392822,1,1.49234890937805
2,10,8,3,4,0.8,2,NaN,5,4,5,0,2,0.392522096633911
2,6,6,1,2,0.8,2,6,4,4,4,1.27449893951416,2,1.22469115257263
1,98,,2,,0.8,2,98,3,4,3,0.378777027130127,2,1.17704010009766
1,84,,4,,0.8,2,NaN,5,4,5,0,3,0.408883094787598
1,10,,3,,0.8,2,NaN,5,4,5,0,3,0.617007970809937
1,82,,3,,0.5,3,82,2,4,2,0.463571071624756,3,1.097571849823
1,6,,1,,0.5,1,6,4,4,1,1.37548494338989,2,1.14543581008911
1,76,,2,,0.8,2,76,2,4,2,0.528398990631104,3,0.505555152893066
2,102,80,2,4,0.5,1,NaN,5,4,5,0,2,1.0338089466095
2,104,356,2,3,0.8,2,104,3,4,NaN,0,NaN,0
1,12,,2,,0.5,2,12,4,4,NaN,0,2,0.201973915100098
1,6,,2,,0.5,3,NaN,5,4,5,0.992102146148682,3,0.362353801727295
1,346,,4,,0.5,4,346,1,4,1,0.832268953323364,2,1.22617411613464
2,14,94,3,4,0.8,3,14,4,4,NaN,0,NaN,0
1,12,,2,,0.5,2,12,4,4,4,0.57661509513855,3,1.17869997024536
1,350,,1,,0.5,3,NaN,5,4,5,0.784745931625366,2,0.49058198928833
2,100,98,1,2,0.5,1,100,3,4,NaN,0,NaN,0
2,346,356,2,3,0.8,3,356,1,4,NaN,0,NaN,0
2,14,8,1,2,0.8,2,8,4,4,NaN,0,NaN,0
2,82,12,1,2,0.8,2,12,4,4,NaN,0,NaN,0
2,104,94,2,3,0.5,3,94,3,4,4,1.48955202102661,2,1.16337203979492
1,6,,4,,0.5,3,NaN,5,4,NaN,0,NaN,0
1,98,,1,,0.5,2,NaN,5,4,NaN,0,NaN,0
1,82,,3,,0.8,1,NaN,5,4,5,0.738036870956421,3,0.400053024291992
2,96,4,2,4,0.5,4,4,4,4,NaN,0,NaN,0
2,78,354,1,3,0.8,3,354,1,4,1,0.531511068344116,2,0.401309967041016
2,10,346,2,4,0.5,4,346,1,4,NaN,0,NaN,0
1,8,,2,,0.5,2,8,4,4,NaN,0,NaN,0
2,82,102,1,2,0.5,3,NaN,5,4,2,0.867640018463135,1,0.561841011047363
2,346,84,1,2,0.5,3,NaN,5,4,3,0.853544950485229,2,0.594051837921143
1,12,,4,,0.5,1,NaN,5,4,5,1.22009682655334,1,0.369879961013794
2,8,84,1,2,0.5,4,NaN,5,4,5,0.580256938934326,2,0.402480125427246
2,78,352,1,4,0.5,1,78,2,4,NaN,0,NaN,0
2,4,12,1,4,0.8,3,NaN,5,4,5,0,2,1.1066300868988
1,102,,2,,0.5,4,NaN,5,4,3,1.18840408325195,1,0.357809066772461
2,348,14,3,4,0.5,1,NaN,5,4,2,0.868529081344604,2,0.706828832626343
2,98,102,3,4,0.5,2,NaN,5,4,5,0.724618911743164,2,0.434883117675781
1,96,,1,,0.8,4,NaN,5,4,5,0.744143962860107,2,1.12320494651794
1,98,,3,,0.5,1,NaN,5,4,5,0,3,0.339087963104248
1,86,,1,,0.5,3,NaN,5,4,5,1.49350380897522,3,0.0513439178466797
1,98,,2,,0.5,1,NaN,5,4,5,0,3,0.387386798858643
2,80,94,1,4,0.5,1,80,2,4,NaN,0,NaN,0
1,350,,2,,0.5,1,NaN,5,4,5,0.805815935134888,3,1.28390097618103
1,104,,2,,0.8,2,104,3,4,NaN,0,NaN,0
1,80,,4,,0.8,2,NaN,5,4,5,0,2,0.356066942214966
1,82,,3,,0.5,3,82,2,4,2,0.566045999526978,2,0.564466953277588
2,98,76,1,4,0.5,1,98,3,4,NaN,0,NaN,0
1,352,,3,,0.8,1,NaN,5,4,5,0.902189016342163,2,0.356446981430054
2,80,94,3,4,0.5,1,NaN,5,4,5,0.630637168884277,3,0.356659889221191
1,76,,1,,0.8,3,NaN,5,4,3,0.790570020675659,1,0.309028148651123
1,8,,3,,0.8,3,8,4,4,1,0.550744771957397,2,1.34892702102661
1,4,,4,,0.8,4,4,4,4,1,1.14282202720642,2,0.533257961273193
2,12,352,1,3,0.5,1,12,4,4,3,0.855031967163086,1,0.341121912002563
1,82,,4,,0.5,2,NaN,5,4,5,0,3,0.42150092124939
2,352,4,1,4,0.8,1,352,1,4,NaN,0,NaN,0
2,82,356,1,3,0.8,1,82,2,4,NaN,0,NaN,0
2,354,100,1,2,0.8,4,NaN,5,4,5,0.53328800201416,2,0.499560832977295
2,352,82,3,4,0.5,4,82,2,4,NaN,0,NaN,0
2,354,104,3,4,0.8,3,354,1,4,2,1.07757997512817,1,0.451495885848999
1,354,,1,,0.8,1,354,1,4,1,0.616466999053955,3,0.803673982620239
2,352,346,2,4,0.5,2,352,1,4,1,0.949877023696899,3,0.355838060379028
2,8,94,1,4,0.8,3,NaN,5,4,5,0.597944021224976,NaN,0
2,4,76,1,3,0.5,3,76,2,4,4,1.28627395629883,2,1.06000399589539
2,80,6,2,3,0.8,2,80,2,4,NaN,0,NaN,0
1,346,,1,,0.8,1,346,1,4,1,0.486270189285278,1,0.372298955917358
2,8,10,1,3,0.5,3,10,4,4,4,0.598626136779785,2,1.42853617668152
1,352,,4,,0.5,4,352,1,4,4,0.422621011734009,1,1.18897294998169
1,350,,3,,0.8,2,NaN,5,4,5,0.838686943054199,3,0.404888153076172
2,6,354,1,2,0.5,3,NaN,5,4,5,0.774800777435303,2,0.469180822372437
1,348,,4,,0.5,4,348,1,4,1,0.919064044952393,1,1.35243201255798
1,14,,4,,0.8,3,NaN,5,4,5,0.759129047393799,2,1.22110414505005
1,8,,2,,0.8,2,8,4,4,4,0.42325496673584,NaN,0
2,356,6,2,3,0.5,2,356,1,4,NaN,0,NaN,0
2,8,102,1,3,0.5,3,102,3,4,NaN,0,NaN,0
1,80,,4,,0.8,2,NaN,5,4,2,0.807878017425537,1,0.981734037399292
1,6,,4,,0.5,1,NaN,5,4,5,0.807801961898804,2,0.421875
1,348,,2,,0.8,2,348,1,4,1,0.53591513633728,3,1.11008191108704
1,346,,4,,0.5,4,346,1,4,1,0.503956079483032,3,1.28621196746826
2,356,84,2,3,0.8,1,NaN,5,4,5,0,3,0.502622127532959
2,356,96,1,2,0.8,4,NaN,5,4,5,0,3,1.38239908218384
2,100,98,3,4,0.8,1,NaN,5,4,5,0,1,0.4705970287323
1,78,,4,,0.5,4,78,2,4,2,0.968652963638306,NaN,0
1,80,,1,,0.5,1,80,2,4,2,1.27273392677307,2,1.11113905906677
1,96,,1,,0.5,1,96,3,4,3,1.27288198471069,3,0.775316953659058
1,80,,4,,0.8,2,NaN,5,4,5,0,3,0.431658029556274
1,10,,3,,0.5,3,10,4,4,4,0.441335916519165,2,0.343432903289795
1,14,,2,,0.5,2,14,4,4,4,0.665441989898682,2,1.25727701187134
1,84,,2,,0.8,3,NaN,5,4,5,0,3,0.375615835189819
2,354,84,2,3,0.5,2,354,1,4,NaN,0,NaN,0
2,80,6,2,4,0.5,2,80,2,4,1,1.30582499504089,NaN,0
2,8,98,3,4,0.5,2,NaN,5,4,2,0.857966899871826,2,1.16002678871155
2,12,78,3,4,0.5,2,NaN,5,4,5,0.81010103225708,3,0.440510988235474
1,346,,1,,0.5,4,NaN,5,4,5,0.83066987991333,1,1.44873094558716
1,102,,1,,0.8,3,NaN,5,4,5,0,3,0.328533887863159
1,84,,2,,0.8,2,84,2,4,2,0.410504102706909,3,1.41666078567505
2,96,350,1,2,0.5,3,NaN,5,4,5,0,3,0.920773029327393
1,10,,3,,0.8,1,NaN,5,4,5,0,2,0.616988897323608
1,94,,2,,0.5,4,NaN,5,4,5,0.78314208984375,3,0.409036159515381
2,356,12,1,3,0.5,2,NaN,5,4,5,0.831263065338135,2,1.49358606338501
2,100,100,1,2,0.5,2,100,3,4,3,0.799766063690186,3,0.473651885986328
1,350,,4,,0.8,3,NaN,5,4,5,0,2,0.521739959716797
2,6,356,3,4,0.8,4,356,1,4,NaN,0,NaN,0
1,100,,4,,0.8,3,NaN,5,4,5,0,3,0.393726110458374
1,76,,3,,0.8,4,NaN,5,4,2,0.911947965621948,3,0.489917039871216
1,8,,1,,0.5,3,NaN,5,4,3,0.896275997161865,2,0.570091962814331
1,82,,2,,0.5,2,82,2,4,2,1.47233486175537,3,0.766420841217041
1,82,,2,,0.8,2,82,2,4,2,0.448746919631958,3,0.410581827163696
1,98,,4,,0.5,2,NaN,5,4,5,0,3,1.0227370262146
2,98,100,1,3,0.8,3,100,3,4,3,0.624821901321411,NaN,0
1,350,,4,,0.5,3,NaN,5,4,3,1.00923991203308,3,0.810877084732056
1,354,,1,,0.8,4,NaN,5,4,3,0.609483003616333,NaN,0
1,14,,3,,0.8,1,NaN,5,4,5,1.48915100097656,3,1.37518095970154
2,76,356,1,2,0.5,1,76,2,4,NaN,0,NaN,0
2,98,76,1,4,0.5,2,NaN,5,4,NaN,0,NaN,0
1,6,,1,,0.8,4,NaN,5,5,5,0.807828187942505,NaN,0
1,76,,2,,0.5,2,76,2,5,NaN,0,3,0.483371019363403
1,102,,3,,0.8,1,NaN,5,5,3,1.0930540561676,NaN,0
2,102,8,2,4,0.5,3,NaN,5,5,NaN,0,1,0.819409132003784
2,76,352,2,4,0.8,2,76,2,5,NaN,0,1,1.47568202018738
1,352,,4,,0.5,3,NaN,5,5,5,1.17351698875427,3,1.15569591522217
2,12,356,2,3,0.5,4,NaN,5,5,2,0.837678194046021,3,0.868160009384155
2,94,86,1,3,0.8,1,94,3,5,2,1.49391293525696,1,0.468069076538086
1,78,,1,,0.5,1,78,2,5,NaN,0,3,1.46019792556763
2,350,350,1,3,0.5,4,NaN,5,5,2,0.694103002548218,2,0.884589910507202
1,6,,2,,0.5,3,NaN,5,5,2,0.822451114654541,2,0.86882209777832
2,10,76,1,3,0.8,1,10,4,5,4,1.49464201927185,2,1.48877501487732
2,82,354,2,3,0.8,2,82,2,5,2,1.33473896980286,1,0.421113967895508
2,84,102,2,3,0.5,4,NaN,5,5,2,0.950894832611084,3,0.565072059631348
1,346,,1,,0.5,3,NaN,5,5,2,1.15914511680603,2,0.821416139602661
1,352,,3,,0.8,3,352,1,5,1,0.807559967041016,2,0.597477912902832
2,12,348,3,4,0.5,3,12,4,5,4,1.49534916877747,2,0.981544017791748
1,98,,2,,0.5,4,NaN,5,5,5,0,2,0.453726053237915
2,102,104,1,2,0.5,4,NaN,5,5,5,1.28781080245972,2,0.918158054351807
1,76,,1,,0.8,3,NaN,5,5,2,0.791849136352539,2,0.470303058624268
2,102,76,2,4,0.5,2,102,3,5,2,0.936105012893677,3,0.582231998443604
1,100,,4,,0.8,4,100,3,5,3,1.44826602935791,1,0.838409900665283
1,352,,2,,0.8,3,NaN,5,5,5,0,2,0.790853023529053
2,356,86,1,4,0.5,1,356,1,5,1,0.840574026107788,1,0.83880090713501
1,8,,4,,0.5,4,8,4,5,4,0.52095890045166,2,0.518837213516235
1,82,,1,,0.5,1,82,2,5,2,0.552762031555176,3,0.47098708152771
2,350,82,1,3,0.5,3,82,2,5,NaN,0,3,0.471360921859741
2,8,348,1,2,0.8,1,8,4,5,4,1.49713182449341,1,0.839473009109497
1,94,,2,,0.8,2,94,3,5,2,0.761264085769653,2,0.503392934799194
1,82,,1,,0.8,1,82,2,5,2,1.4975278377533,2,1.49169301986694
1,354,,2,,0.5,2,354,1,5,4,0.956233024597168,2,0.698531866073608
1,76,,1,,0.5,2,NaN,5,5,5,1.06025195121765,2,0.786264181137085
2,352,86,3,4,0.5,1,NaN,5,5,2,0.644376039505005,2,0.498764038085938
2,86,12,1,3,0.5,4,NaN,5,5,2,1.09245896339417,2,0.482573986053467
1,76,,3,,0.8,4,NaN,5,5,5,0,2,0.45111608505249
1,348,,3,,0.8,3,348,1,5,1,0.77306604385376,3,0.498990058898926
1,4,,2,,0.8,3,NaN,5,5,5,0,2,1.04308009147644
1,78,,1,,0.5,1,78,2,5,2,0.533139944076538,3,0.547563076019287
2,98,86,1,2,0.8,2,86,2,5,3,1.46133279800415,2,0.6754310131073
1,14,,4,,0.8,1,NaN,5,5,5,0.965568065643311,3,0.531838893890381
2,86,4,2,3,0.5,2,86,2,5,2,1.49256300926208,2,0.515943050384521
1,78,,2,,0.8,3,NaN,5,5,5,0.870014905929565,3,0.484225988388062
1,8,,1,,0.5,2,NaN,5,5,5,0.982185125350952,2,0.532127141952515
1,82,,3,,0.8,1,NaN,5,5,2,1.0941469669342,3,0.58058500289917
2,346,78,1,2,0.5,2,78,2,5,2,1.4304530620575,2,0.564570903778076
1,96,,2,,0.5,2,96,3,5,2,0.822702884674072,2,0.500766038894653
2,78,84,2,4,0.8,3,NaN,5,5,5,0.902724027633667,3,0.629104852676392
2,8,348,1,4,0.8,3,NaN,5,5,5,0,3,0.533330917358398
2,346,4,2,3,0.5,3,4,4,5,NaN,0,1,1.4880690574646
2,76,98,1,3,0.8,1,76,2,5,2,1.36724305152893,2,0.693485975265503
1,78,,1,,0.5,2,NaN,5,5,5,0,3,0.661510944366455
1,356,,3,,0.8,3,356,1,5,1,1.15989589691162,3,0.677786827087402
1,94,,1,,0.8,2,NaN,5,5,5,0.88778018951416,3,0.517791986465454
1,14,,2,,0.8,1,NaN,5,5,5,0,3,0.662246942520142
2,76,100,2,3,0.8,3,100,3,5,3,1.44814109802246,2,1.23839092254639
2,98,98,1,2,0.8,1,98,3,5,3,0.792102098464966,2,0.502461910247803
1,96,,3,,0.5,1,NaN,5,5,5,0.904630184173584,3,0.854542970657349
1,86,,4,,0.8,1,NaN,5,5,5,0,3,0.486660003662109
2,354,80,1,2,0.8,1,354,1,5,4,0.840621948242188,2,0.598587989807129
2,14,94,2,3,0.5,3,94,3,5,2,1.49559211730957,2,1.07894206047058
2,96,86,2,3,0.8,2,96,3,5,2,0.765274047851562,1,1.38099193572998
2,354,98,2,3,0.5,1,NaN,5,5,2,0.834827899932861,3,0.524890899658203
1,4,,1,,0.8,4,NaN,5,5,5,0.915313959121704,3,0.529401063919067
2,10,4,1,2,0.5,2,4,4,5,4,0.819469928741455,1,0.641574859619141
2,348,104,3,4,0.8,4,104,3,5,3,0.563250064849854,2,0.497614145278931
1,76,,4,,0.8,1,NaN,5,5,2,1.02751111984253,3,1.10579991340637
2,12,94,1,3,0.8,1,12,4,5,4,0.947764873504639,NaN,0
1,82,,2,,0.8,2,82,2,5,2,0.75574803352356,3,0.450108051300049
1,82,,3,,0.8,3,82,2,5,2,0.787993907928467,2,0.514158964157104
2,354,12,2,4,0.8,4,12,4,5,4,1.49132800102234,2,0.738292932510376
1,8,,1,,0.8,4,NaN,5,5,5,0,3,0.99455189704895
2,104,96,3,4,0.5,1,NaN,5,5,2,0.900573968887329,2,1.01094102859497
2,352,76,2,4,0.5,1,NaN,5,5,5,1.15677189826965,2,0.882749080657959
1,8,,3,,0.5,2,NaN,5,5,5,0.964879989624023,3,0.898946046829224
2,82,346,2,3,0.8,4,NaN,5,5,5,0.981165170669556,3,0.547376871109009
1,98,,4,,0.8,2,NaN,5,5,5,1.04537987709045,3,0.56343412399292
2,356,94,1,2,0.5,2,94,3,5,2,1.49250912666321,1,0.627482891082764
1,86,,2,,0.5,1,NaN,5,5,3,0.709576845169067,2,0.627588987350464
1,94,,1,,0.8,3,NaN,5,5,5,0.997759103775024,2,1.04387307167053
2,102,76,2,3,0.5,1,NaN,5,5,5,0,3,0.83629298210144
2,102,76,1,3,0.8,1,102,3,5,3,1.03023481369019,3,0.548204183578491
1,6,,4,,0.5,3,NaN,5,5,5,1.06237006187439,2,0.932322025299072
2,86,102,1,3,0.5,2,NaN,5,5,2,1.33433103561401,2,0.98052716255188
1,6,,3,,0.5,3,6,4,5,4,0.694532155990601,3,0.260623931884766
2,104,80,1,4,0.8,2,NaN,5,5,5,1.04649305343628,2,0.564710855484009
2,84,14,1,3,0.5,2,NaN,5,5,5,1.09500193595886,1,1.04489517211914
2,94,6,1,2,0.5,2,6,4,5,4,1.22298979759216,2,0.613096952438354
2,86,4,3,4,0.8,1,NaN,5,5,5,1.0789852142334,2,0.805337905883789
2,348,102,1,3,0.5,1,348,1,5,1,1.09516191482544,3,0.949596881866455
1,76,,3,,0.5,2,NaN,5,5,5,0.96733283996582,3,1.09353995323181
1,12,,2,,0.5,3,NaN,5,5,3,0.118169069290161,3,0.472218990325928
1,76,,2,,0.5,4,NaN,5,5,5,0,3,0.555644989013672
2,352,6,1,2,0.8,1,352,1,5,NaN,0,NaN,0
1,10,,4,,0.8,2,NaN,5,5,3,0.481966018676758,2,1.02005887031555
2,78,356,1,4,0.8,4,356,1,5,NaN,0,1,0.972229957580566
2,78,354,1,4,0.8,4,354,1,5,1,1.36241698265076,2,1.05243515968323
1,350,,2,,0.5,1,NaN,5,5,3,0.530612945556641,3,0.492416858673096
2,346,352,2,3,0.5,1,NaN,5,5,3,0.642743110656738,3,0.476627111434937
2,352,352,1,4,0.8,4,352,1,5,1,0.882890939712524,2,0.460860013961792
2,12,82,1,2,0.8,3,NaN,5,5,5,0,2,0.46520209312439
1,346,,1,,0.5,1,346,1,5,1,0.659253835678101,3,0.497856855392456
1,354,,4,,0.8,4,354,1,5,1,0.739732027053833,2,0.44977593421936
1,84,,4,,0.8,2,NaN,5,5,5,0,3,0.481780052185059
1,4,,4,,0.5,4,4,4,5,4,0.691861867904663,2,0.434174060821533
1,348,,3,,0.5,3,348,1,5,1,0.676171064376831,3,0.482095003128052
2,94,14,1,4,0.5,1,94,3,5,2,1.49140691757202,2,0.946327924728394
1,6,,1,,0.5,2,NaN,5,5,5,0.932492017745972,3,0.546478033065796
2,4,356,3,4,0.8,1,NaN,5,5,5,0.94870400428772,3,0.546570062637329
1,100,,2,,0.8,2,100,3,5,3,0.580595016479492,3,0.594817161560059
1,86,,3,,0.8,3,86,2,5,2,0.644804000854492,2,0.499091863632202
2,100,86,1,4,0.8,3,NaN,5,5,5,0.916976928710938,3,0.707237958908081
2,84,352,3,4,0.8,2,NaN,5,5,5,0.965131998062134,3,0.627310037612915
2,356,6,1,4,0.5,1,356,1,5,4,1.47738909721375,1,1.33170986175537
2,352,98,3,4,0.8,4,98,3,5,2,1.33356785774231,2,0.88357400894165
2,12,82,2,3,0.5,1,NaN,5,5,3,0.789663076400757,3,0.531619787216187
2,8,86,2,4,0.5,1,NaN,5,5,5,1.0296790599823,3,0.915808200836182
2,14,78,1,4,0.5,1,14,4,5,4,1.12590098381042,3,0.996037006378174
1,94,,4,,0.5,4,94,3,5,3,0.598083972930908,1,0.548331022262573
2,94,352,2,4,0.8,1,NaN,5,5,3,0.662235021591187,3,0.772180080413818
1,346,,1,,0.8,1,346,1,5,1,0.790410041809082,3,0.596749782562256
1,350,,4,,0.5,1,NaN,5,5,5,0.274831056594849,3,0.65333104133606
1,10,,3,,0.8,1,NaN,5,5,5,0.918780088424683,3,0.596987009048462
2,6,354,1,2,0.5,3,NaN,5,5,5,0,3,0.549118995666504
2,8,8,2,4,0.8,1,NaN,5,5,5,1.14315485954285,3,0.693211078643799
1,6,,2,,0.5,3,NaN,5,5,5,0.935421943664551,3,0.565433025360107
2,354,346,1,3,0.8,2,NaN,5,5,5,1.06356501579285,3,1.02991199493408
2,80,346,3,4,0.5,4,346,1,5,1,0.759594917297363,2,0.501830101013184
2,96,346,1,3,0.8,3,346,1,5,4,1.32011413574219,1,1.01414895057678
2,102,96,2,4,0.8,1,NaN,5,5,5,0.88803505897522,3,0.582068920135498
1,96,,4,,0.5,4,96,3,5,2,0.616276025772095,2,0.566540002822876
1,8,,1,,0.8,1,8,4,5,4,0.728660106658936,3,0.454478979110718
1,78,,4,,0.5,3,NaN,5,5,5,0.856432914733887,3,0.934662103652954
2,4,14,1,4,0.5,3,NaN,5,5,5,0.952715158462524,3,0.59893012046814
1,6,,2,,0.5,1,NaN,5,5,5,1.01701307296753,2,1.0792031288147
2,352,104,2,3,0.8,2,352,1,5,1,0.825170993804932,2,0.519097089767456
1,8,,2,,0.5,2,8,4,5,4,0.585209131240845,2,0.487343072891235
2,352,12,3,4,0.8,1,NaN,5,5,3,1.12937498092651,3,0.711727142333984
1,4,,3,,0.5,4,NaN,5,5,5,1.09746789932251,3,0.743863105773926
1,8,,3,,0.5,3,8,4,5,4,0.681637048721313,3,0.53589391708374
2,354,10,2,4,0.8,4,10,4,5,4,1.32186698913574,1,1.03211307525635
2,94,350,1,4,0.5,2,NaN,5,5,5,0.970104932785034,3,1.06412386894226
1,12,,3,,0.8,1,NaN,5,5,3,0.954441785812378,3,0.74417519569397
1,346,,3,,0.5,4,NaN,5,5,3,0.906363964080811,3,0.600669145584106
2,96,352,1,4,0.5,3,NaN,5,5,5,0.970480918884277,3,0.920660972595215
1,94,,4,,0.8,2,NaN,5,5,5,0,3,1.1928551197052
2,102,356,1,2,0.8,1,102,3,5,3,1.40278792381287,2,1.06487083435059
1,356,,2,,0.8,3,NaN,5,5,3,0.922905921936035,2,0.569005012512207
1,350,,1,,0.5,4,NaN,5,5,5,1.03533887863159,2,0.905129909515381
1,10,,2,,0.8,2,10,4,5,4,0.651255130767822,3,0.553343057632446
1,346,,3,,0.5,3,346,1,5,1,0.587422132492065,3,0.537539958953857
1,4,,1,,0.8,2,NaN,5,5,5,0,3,0.592130184173584
1,76,,4,,0.8,3,NaN,5,5,5,0,3,0.567584037780762
2,94,348,1,3,0.5,4,NaN,5,5,2,1.03383803367615,3,0.536003112792969
1,346,,4,,0.8,4,346,1,5,1,0.570005178451538,2,0.264302015304565
1,350,,4,,0.5,2,NaN,5,5,5,1.00213098526001,2,0.952234983444214
2,84,78,1,4,0.5,2,NaN,5,5,5,0.922266960144043,2,0.58464503288269
1,4,,4,,0.5,4,4,4,5,4,0.682469844818115,3,0.472517013549805
1,82,,3,,0.5,1,NaN,5,5,2,1.06644701957703,3,0.648710966110229
2,352,346,2,4,0.8,2,352,1,5,2,1.49739694595337,1,1.00093293190002
2,98,102,3,4,0.8,2,NaN,5,5,5,1.01897406578064,3,0.584946870803833
1,84,,2,,0.8,2,84,2,5,2,1.06701493263245,3,0.953361034393311
2,94,100,1,4,0.8,3,NaN,5,5,5,0.987337112426758,3,0.489396810531616
2,84,352,1,2,0.8,3,NaN,5,5,2,0.923518896102905,3,0.505650997161865
2,12,80,1,4,0.5,2,NaN,5,5,2,0.923595905303955,3,0.426074028015137
1,346,,2,,0.5,1,NaN,5,5,2,0.523887872695923,2,0.585932970046997
1,348,,2,,0.8,3,NaN,5,5,5,0.923930168151855,2,0.538153886795044
1,96,,2,,0.8,4,NaN,5,5,5,0,2,0.538110971450806
1,348,,3,,0.8,3,348,1,5,1,0.556151866912842,3,0.314486980438232
2,78,96,1,2,0.8,1,78,2,5,2,0.716593980789185,3,0.474519014358521
2,94,12,3,4,0.5,4,12,4,5,4,1.13687086105347,3,1.46676802635193
2,76,14,2,3,0.5,3,14,4,5,4,1.04144310951233,2,1.00316715240479
1,94,,1,,0.5,4,NaN,5,5,5,0.897096872329712,3,0.507065057754517
1,84,,2,,0.8,2,84,2,5,2,0.577330827713013,2,0.523537874221802
1,76,,3,,0.8,2,NaN,5,5,5,0,3,0.555528163909912
2,96,356,2,3,0.8,2,96,3,5,2,1.48828315734863,1,1.06751108169556
1,100,,1,,0.8,3,NaN,5,5,5,0.897954940795898,3,0.603682994842529
2,4,86,2,3,0.5,3,86,2,5,NaN,0,1,1.33999800682068
1,76,,1,,0.8,1,76,2,5,2,1.07399296760559,1,0.555927991867065
1,86,,3,,0.5,4,NaN,5,5,5,0.930089950561523,3,0.508255958557129
2,80,100,2,3,0.8,2,80,2,5,2,1.25029993057251,2,0.828173160552979
1,104,,2,,0.8,4,NaN,5,5,5,0.340373039245605,3,0.769172191619873
2,8,86,1,4,0.8,3,NaN,5,5,2,0.666836977005005,3,0.553017854690552
2,94,6,3,4,0.8,3,94,3,5,2,1.21105813980103,2,0.793130874633789
1,104,,1,,0.5,1,104,3,5,3,0.619120121002197,2,0.393151044845581
2,78,104,1,4,0.8,1,78,2,5,2,1.25931215286255,2,0.585530042648315
1,352,,4,,0.5,4,352,1,5,1,0.555382966995239,3,0.48990797996521
2,76,356,1,3,0.5,4,NaN,5,5,5,1.1636209487915,3,0.553767919540405
2,10,86,1,2,0.8,2,86,2,5,3,1.05605411529541,3,0.650158166885376
1,104,,2,,0.5,2,104,3,5,3,1.29188799858093,2,0.922184228897095
2,10,356,2,3,0.5,3,356,1,5,1,0.640426158905029,3,0.522289037704468
2,346,12,1,2,0.8,4,NaN,5,5,5,1.08859515190125,3,0.650384902954102
2,100,86,1,2,0.8,1,100,3,5,3,1.29691600799561,2,0.762672901153564
2,8,10,1,3,0.5,1,8,4,5,1,0.89713716506958,2,0.730777025222778
2,78,100,1,3,0.5,1,78,2,5,3,1.42507290840149,1,0.619096040725708
1,348,,3,,0.5,3,348,1,5,1,0.609393835067749,3,0.23514199256897
1,356,,1,,0.5,3,NaN,5,5,3,0.8174729347229,3,0.507564067840576
2,6,4,1,4,0.5,3,NaN,5,5,5,0,3,0.539838075637817
2,100,352,1,2,0.5,1,100,3,5,2,1.10599493980408,1,0.923668146133423
2,84,94,3,4,0.8,3,84,2,5,2,1.20195603370667,3,0.987732172012329
1,104,,1,,0.8,1,104,3,5,3,0.802052974700928,2,0.539883136749268
2,346,84,2,4,0.5,4,84,2,5,2,0.946459054946899,2,0.700172901153564
2,104,354,1,2,0.8,1,104,3,5,2,1.15472006797791,1,0.572505950927734
2,346,352,1,3,0.5,1,346,1,5,1,1.04263782501221,3,0.556514024734497
2,86,98,3,4,0.8,2,NaN,5,5,5,0.978883028030396,3,0.524832010269165
1,102,,1,,0.8,1,102,3,5,3,0.610805034637451,3,0.432898044586182
2,102,348,2,4,0.8,2,102,3,5,2,1.34699511528015,1,0.753101110458374
2,6,82,3,4,0.8,4,82,2,5,2,1.02712297439575,3,0.497229099273682
2,350,346,2,4,0.8,1,NaN,5,5,5,1.02726292610168,3,0.513401985168457
2,14,94,1,4,0.8,2,NaN,5,5,5,0.931386947631836,3,0.545444965362549
1,86,,3,,0.5,3,86,2,5,3,0.643666982650757,2,0.513794183731079
2,12,102,2,4,0.8,3,NaN,5,5,5,0.339825868606567,3,0.644930124282837
1,14,,3,,0.8,4,NaN,5,5,5,0.963078022003174,3,0.63676118850708
1,10,,1,,0.5,1,10,4,5,4,1.48998498916626,3,0.252921104431152
2,102,12,2,4,0.8,3,NaN,5,5,5,0,3,0.513626098632812
1,82,,4,,0.5,3,NaN,5,5,5,0,3,0.577410936355591
2,12,78,3,4,0.5,2,NaN,5,5,5,0,3,0.593607902526855
1,102,,4,,0.5,1,NaN,5,5,5,0.931618928909302,2,1.31382393836975
2,8,10,1,3,0.5,3,10,4,5,4,0.691783905029297,2,0.625890016555786
1,84,,4,,0.5,4,84,2,5,2,0.61197304725647,3,0.914156913757324
2,4,76,1,3,0.5,1,4,4,5,4,1.36413097381592,2,1.36233901977539
1,94,,4,,0.5,4,94,3,5,3,0.660420894622803,2,0.610460996627808
2,82,94,2,4,0.5,2,82,2,5,2,1.01268196105957,2,0.578621864318848
1,348,,2,,0.5,4,NaN,5,5,5,0.916981935501099,3,0.514764785766602
2,348,4,3,4,0.8,4,4,4,5,4,1.49189496040344,2,1.42705607414246
1,12,,4,,0.5,2,NaN,5,5,3,0.613119840621948,3,0.787184953689575
1,82,,3,,0.8,3,82,2,5,2,0.645303964614868,3,0.531427145004272
1,6,,4,,0.5,3,NaN,5,5,5,1.12540507316589,3,0.755472898483276
2,78,96,3,4,0.8,3,78,2,5,2,0.885572910308838,3,0.611918926239014
2,10,350,2,3,0.8,3,350,1,5,NaN,0,2,1.48680186271667
1,346,,1,,0.8,4,NaN,5,5,5,0,3,0.564114093780518
1,98,,3,,0.5,4,NaN,5,5,3,1.23811388015747,1,1.48730206489563
2,102,94,2,4,0.5,3,NaN,5,5,5,0.934412002563477,3,0.516216039657593
1,94,,3,,0.5,3,94,3,5,3,0.774513006210327,2,0.468568086624146
1,84,,4,,0.5,4,84,2,5,2,0.630908012390137,2,0.56489896774292
1,348,,1,,0.5,2,NaN,5,5,5,1.06254196166992,3,0.644737958908081
2,14,14,3,4,0.8,3,14,4,5,4,1.44681811332703,3,1.06096506118774
1,350,,4,,0.5,4,350,1,5,1,0.599080085754395,3,0.693319082260132
1,98,,2,,0.5,4,NaN,5,5,5,1.1271231174469,3,0.629463911056519
2,8,98,2,4,0.8,4,98,3,5,2,1.49442100524902,1,1.30140805244446
1,76,,3,,0.8,3,76,2,5,2,0.743425846099854,3,0.549715995788574
1,10,,2,,0.8,2,10,4,6,4,0.921537160873413,NaN,0
1,348,,4,,0.8,4,348,1,6,4,0.769472122192383,2,1.48600101470947
2,104,356,1,3,0.8,2,NaN,5,6,NaN,0,1,1.48610305786133
2,104,356,1,4,0.5,2,NaN,5,6,NaN,0,1,1.05602693557739
1,102,,2,,0.5,4,NaN,5,6,3,1.49215698242188,1,1.10816287994385
2,76,4,1,2,0.8,3,NaN,5,6,2,1.42600989341736,1,0.640575885772705
2,8,350,3,4,0.5,3,8,4,6,4,1.47438788414001,2,1.48655390739441
2,98,6,3,4,0.5,4,6,4,6,1,1.34672093391418,2,1.08859491348267
2,102,102,2,4,0.5,2,102,3,6,NaN,0,1,1.16879200935364
2,350,104,3,4,0.8,2,NaN,5,6,5,1.41061997413635,1,0.736922979354858
2,352,356,3,4,0.8,2,NaN,5,6,5,0,1,1.31334495544434
2,98,346,2,4,0.5,2,98,3,6,3,1.47491383552551,2,1.0731680393219
1,86,,1,,0.8,2,NaN,5,6,5,1.45909309387207,2,0.657392978668213
2,352,348,2,3,0.5,2,352,1,6,NaN,0,1,1.38131403923035
2,14,84,1,3,0.5,3,84,2,6,3,1.18750381469727,2,1.0256941318512
2,98,354,3,4,0.8,4,354,1,6,5,1.49403214454651,1,0.993803977966309
1,102,,3,,0.5,3,102,3,6,2,1.42813587188721,2,1.37821197509766
2,86,82,2,4,0.5,4,82,2,6,NaN,0,3,0.258013010025024
1,100,,3,,0.5,4,NaN,5,6,4,1.47618699073792,2,1.17038798332214
2,6,104,2,4,0.8,1,NaN,5,6,4,1.41216206550598,1,0.866431951522827
1,354,,2,,0.5,1,NaN,5,6,4,0.804688930511475,1,1.36267495155334
1,96,,1,,0.8,1,96,3,6,3,1.25260996818542,1,1.36282896995544
2,80,82,1,4,0.5,3,NaN,5,6,2,1.18871998786926,1,0.706729888916016
1,84,,4,,0.5,4,84,2,6,2,1.14070415496826,2,0.978984117507935
1,12,,3,,0.5,2,NaN,5,6,NaN,0,2,1.21941995620728
1,348,,1,,0.8,1,348,1,6,1,1.22132992744446,2,1.02726316452026
1,8,,4,,0.5,3,NaN,5,6,5,1.18911290168762,2,1.12357902526855
1,4,,3,,0.5,3,4,4,6,4,0.64534592628479,3,0.70756196975708
2,8,96,1,4,0.5,4,96,3,6,2,1.31767821311951,2,1.36367797851562
2,346,94,2,4,0.5,2,346,1,6,1,1.30157709121704,3,1.09196782112122
1,80,,2,,0.5,3,NaN,5,6,5,0,1,0.984934091567993
1,96,,1,,0.5,4,NaN,5,6,4,1.42630696296692,1,0.960561037063599
1,14,,4,,0.5,4,14,4,6,4,0.725479125976562,3,0.992656946182251
2,12,4,1,4,0.5,2,NaN,5,6,4,0.994776964187622,1,0.68878698348999
2,78,4,3,4,0.8,2,NaN,5,6,2,1.0587899684906,1,0.608966112136841
1,82,,1,,0.5,1,82,2,6,2,1.18730497360229,3,0.865239858627319
1,356,,2,,0.8,2,356,1,6,3,1.33137488365173,1,1.07753205299377
2,4,4,2,3,0.5,3,4,4,6,2,1.49542093276978,1,1.2975480556488
1,348,,2,,0.8,2,348,1,6,1,0.62752103805542,3,0.533748149871826
1,100,,2,,0.5,1,NaN,5,6,4,1.42743611335754,1,0.833624839782715
2,82,96,2,3,0.5,4,NaN,5,6,5,0,1,0.865821123123169
1,8,,2,,0.5,2,8,4,6,4,1.12393188476562,3,0.866050004959106
1,354,,2,,0.8,2,354,1,6,1,0.660037040710449,2,0.514497995376587
1,14,,1,,0.8,1,14,4,6,4,0.62855076789856,3,0.514312028884888
2,86,94,1,4,0.8,3,NaN,5,6,3,1.27217698097229,2,0.706712961196899
2,94,80,2,3,0.8,2,94,3,6,2,0.820448875427246,1,0.978715896606445
1,84,,4,,0.8,3,NaN,5,6,4,1.44457983970642,1,1.3948860168457
2,96,354,1,4,0.5,1,96,3,6,5,1.14110589027405,1,0.771099805831909
1,86,,1,,0.8,1,86,2,6,3,0.869158983230591,3,0.659011125564575
2,356,12,1,3,0.5,1,356,1,6,4,1.49722814559937,1,1.25122308731079
1,82,,4,,0.5,1,NaN,5,6,2,1.26941990852356,1,1.12725901603699
1,82,,2,,0.5,2,82,2,6,3,0.581363201141357,3,0.435522079467773
2,348,10,1,2,0.5,2,10,4,6,1,1.46151113510132,1,1.15569305419922
1,8,,1,,0.5,1,8,4,6,4,0.677795171737671,3,0.500147104263306
1,10,,4,,0.5,4,10,4,6,4,0.966053009033203,3,0.484267950057983
1,82,,1,,0.8,4,NaN,5,6,2,1.07785606384277,3,0.548269033432007
2,350,80,1,4,0.8,3,NaN,5,6,2,1.14191102981567,2,0.484431982040405
1,4,,4,,0.8,3,NaN,5,6,4,0.854104995727539,2,0.532295942306519
1,86,,3,,0.8,1,NaN,5,6,5,1.11023592948914,1,0.58058500289917
2,348,346,3,4,0.5,4,346,1,6,1,0.90244197845459,3,0.772694110870361
1,356,,1,,0.8,1,356,1,6,1,0.267433881759644,3,0.771188020706177
2,12,94,1,4,0.5,1,12,4,6,4,1.18497204780579,3,0.77888298034668
2,84,98,2,3,0.8,3,98,3,6,2,1.29729890823364,3,0.810997009277344
2,6,78,1,3,0.5,3,78,2,6,2,1.47327899932861,2,0.73540186882019
2,80,350,1,3,0.5,1,80,2,6,2,1.23495197296143,3,0.735323905944824
1,76,,4,,0.5,2,NaN,5,6,2,0.913525104522705,2,0.558925867080688
1,356,,2,,0.8,1,NaN,5,6,5,0.993579149246216,2,0.475764036178589
1,98,,2,,0.5,2,98,3,6,3,0.818053960800171,3,0.571803092956543
1,82,,1,,0.8,2,NaN,5,6,2,0.866043090820312,2,0.699821949005127
1,12,,1,,0.8,3,NaN,5,6,5,0.962054967880249,1,0.700047969818115
2,356,78,2,3,0.5,1,NaN,5,6,2,0.882304906845093,1,0.97216796875
2,352,14,1,2,0.5,3,NaN,5,6,4,0.818330049514771,2,0.492257118225098
1,80,,3,,0.8,3,80,2,6,2,1.07465696334839,3,0.816632032394409
1,94,,4,,0.5,1,NaN,5,6,2,0.850993156433105,2,0.528769016265869
1,100,,3,,0.8,1,NaN,5,6,4,1.12267398834229,2,0.496983051300049
1,356,,1,,0.8,4,NaN,5,6,5,1.15487909317017,3,0.6892249584198
2,4,102,2,4,0.8,4,102,3,6,2,1.34699892997742,NaN,0
1,14,,1,,0.8,1,14,4,6,4,0.65929102897644,3,0.465354919433594
1,10,,2,,0.8,3,NaN,5,6,5,1.41141104698181,3,0.881832838058472
2,86,356,2,3,0.5,1,NaN,5,6,4,0.839628934860229,2,0.513837099075317
1,12,,3,,0.5,4,NaN,5,6,5,1.04406690597534,2,0.673852920532227
2,352,86,1,3,0.8,2,NaN,5,6,5,0,2,0.514235019683838
2,86,100,1,3,0.8,4,NaN,5,6,5,0,2,0.834367036819458
2,82,8,2,4,0.5,2,82,2,6,NaN,0,1,1.20260691642761
1,348,,3,,0.5,2,NaN,5,6,2,1.12425398826599,2,1.02655506134033
1,6,,2,,0.8,2,6,4,6,3,1.41650104522705,1,1.20281100273132
2,82,80,2,4,0.8,3,NaN,5,6,4,0.980353116989136,2,0.498924970626831
1,354,,3,,0.8,3,354,1,6,3,1.49162697792053,1,1.01109504699707
2,348,10,1,2,0.5,3,NaN,5,6,5,1.1567599773407,1,0.642934799194336
1,12,,3,,0.8,3,12,4,6,4,1.23682308197021,3,0.674960136413574
2,10,80,2,4,0.5,2,10,4,6,1,0.811676979064941,2,1.09987092018127
2,96,346,1,3,0.8,4,NaN,5,6,5,1.04547786712646,2,0.931565999984741
1,98,,2,,0.5,2,98,3,6,3,0.981652975082397,3,0.85178017616272
1,14,,3,,0.5,1,NaN,5,6,2,0.949819087982178,2,0.531842947006226
2,78,10,1,2,0.8,4,NaN,5,6,4,0.981965065002441,2,0.628118991851807
1,12,,3,,0.8,3,12,4,6,1,0.758146047592163,3,0.516245126724243
2,346,8,2,3,0.5,2,346,1,6,NaN,0,1,1.10820388793945
2,8,104,1,3,0.5,1,8,4,6,2,1.30260491371155,1,0.820668935775757
2,100,354,1,4,0.5,1,100,3,6,2,1.49871802330017,1,0.840558052062988
1,4,,1,,0.5,2,NaN,5,6,4,0.806661128997803,2,0.517067909240723
2,352,14,1,4,0.5,1,352,1,6,3,1.46692514419556,1,1.06095099449158
2,350,356,1,2,0.8,4,NaN,5,6,5,0,1,0.996979951858521
1,84,,2,,0.5,3,NaN,5,6,2,1.14722204208374,2,0.709182977676392
2,86,84,1,3,0.5,2,NaN,5,6,5,1.06830286979675,2,0.677349090576172
1,102,,4,,0.8,2,NaN,5,6,5,0,2,0.581601858139038
2,86,100,1,3,0.8,1,86,2,6,2,1.48814702033997,2,1.04567813873291
1,6,,4,,0.5,3,NaN,5,6,5,0,2,0.602066040039062
1,346,,2,,0.8,2,346,1,6,4,1.11623692512512,3,0.694395065307617
1,78,,2,,0.8,2,78,2,6,2,0.796148061752319,3,0.630046844482422
1,6,,2,,0.8,2,6,4,6,1,0.732444047927856,3,0.502321004867554
2,10,350,2,4,0.8,3,NaN,5,6,4,1.2126898765564,2,0.742668151855469
2,354,98,3,4,0.5,2,NaN,5,6,4,0.924503087997437,3,0.614681005477905
2,346,102,1,2,0.5,1,346,1,6,NaN,0,1,1.12667798995972
1,10,,4,,0.5,1,NaN,5,6,4,0.764965057373047,3,0.539300918579102
1,76,,2,,0.8,2,76,2,6,2,0.797011852264404,3,0.663130044937134
2,104,104,1,3,0.8,2,NaN,5,6,5,1.02141308784485,3,0.555463075637817
2,84,86,3,4,0.8,2,NaN,5,6,5,0,2,0.683398008346558
1,98,,3,,0.5,4,NaN,5,6,4,0.845841884613037,2,0.535310029983521
2,356,12,1,4,0.8,1,356,1,6,4,1.32545113563538,1,1.22346091270447
1,80,,1,,0.8,2,NaN,5,6,4,0.829540014266968,2,0.636155843734741
2,12,12,3,4,0.5,4,12,4,6,1,0.800942897796631,2,0.861150979995728
1,346,,3,,0.5,3,346,1,6,4,0.986869096755981,3,0.56482195854187
1,96,,2,,0.5,2,96,3,6,3,0.647021055221558,3,0.517119884490967
2,8,12,1,3,0.8,4,NaN,5,6,4,1.17518496513367,2,0.677488088607788
2,102,94,1,3,0.8,2,NaN,5,6,4,1.01531505584717,3,0.597388029098511
1,14,,4,,0.8,3,NaN,5,6,5,0,3,0.469552993774414
2,10,102,2,4,0.5,1,NaN,5,6,5,1.09537982940674,2,0.645973920822144
2,102,102,3,4,0.8,2,NaN,5,6,5,0.983521938323975,2,0.54987096786499
1,4,,3,,0.8,3,4,4,6,1,1.14375686645508,3,0.533846855163574
2,10,78,1,3,0.5,1,10,4,6,4,1.46393013000488,2,1.31795191764832
1,78,,3,,0.5,4,NaN,5,6,4,1.11189293861389,2,0.95012092590332
1,96,,2,,0.5,1,NaN,5,6,5,0,3,0.55025577545166
2,346,6,1,4,0.5,3,NaN,5,6,5,1.00838303565979,3,0.550610780715942
2,354,78,1,2,0.8,2,78,2,6,2,1.22736692428589,3,0.614942073822021
2,84,84,1,4,0.5,3,NaN,5,6,4,0.904505968093872,3,0.586929082870483
1,100,,1,,0.8,3,NaN,5,6,4,0.776845932006836,3,0.534880876541138
2,6,78,2,3,0.8,2,6,4,6,1,1.30495190620422,2,1.19131898880005
1,104,,4,,0.8,4,104,3,6,3,0.665313005447388,3,0.471603870391846
2,78,98,2,3,0.5,4,NaN,5,6,5,0,2,0.839473962783813
2,14,104,2,3,0.5,4,NaN,5,6,5,1.14549684524536,2,0.823638916015625
2,96,8,1,3,0.8,3,8,4,6,1,1.30567812919617,3,1.15961813926697
2,100,356,2,4,0.8,1,NaN,5,6,5,1.0177628993988,2,0.536217212677002
2,6,100,1,2,0.8,3,NaN,5,6,5,0,2,0.632110118865967
2,82,14,2,4,0.8,2,82,2,6,3,1.27388691902161,2,1.30427598953247
1,82,,1,,0.8,1,82,2,6,3,1.1781759262085,3,0.840214014053345
2,94,8,3,4,0.8,1,NaN,5,6,5,0,1,0.968651056289673
1,76,,1,,0.5,1,76,2,6,3,1.1624608039856,1,1.41645908355713
1,100,,3,,0.5,3,100,3,6,3,0.910937070846558,3,0.808829069137573
1,104,,3,,0.5,3,104,3,6,3,0.942916870117188,2,0.65005087852478
2,10,352,2,3,0.5,4,NaN,5,6,5,0,3,0.569147109985352
2,12,104,1,4,0.8,4,104,3,6,2,0.802992105484009,1,0.9545738697052
1,346,,1,,0.5,2,NaN,5,6,5,0,2,0.738152027130127
1,6,,2,,0.8,2,6,4,6,1,1.04416513442993,3,0.610351085662842
2,100,82,1,4,0.5,1,100,3,6,2,1.14035511016846,1,0.934576988220215
1,100,,4,,0.5,1,NaN,5,6,5,0.932476043701172,2,0.547012805938721
2,104,348,2,4,0.8,3,NaN,5,6,5,0,2,0.550997018814087
2,96,8,1,2,0.5,3,NaN,5,6,2,0.932683944702148,2,0.596606016159058
1,4,,3,,0.8,3,4,4,6,1,0.948999166488647,3,0.546952962875366
1,356,,1,,0.5,3,NaN,5,6,5,1.04516887664795,2,0.611223936080933
1,6,,4,,0.8,4,6,4,6,1,0.74127197265625,3,0.563515901565552
2,102,12,1,4,0.5,2,NaN,5,6,4,1.07750391960144,2,0.531438827514648
2,10,350,2,4,0.5,4,350,1,6,4,1.34945583343506,3,0.728016138076782
2,84,76,2,4,0.8,1,NaN,5,6,5,1.06171989440918,2,0.643916845321655
1,80,,4,,0.8,1,NaN,5,6,5,0,1,1.15617609024048
1,6,,2,,0.5,1,NaN,5,6,5,1.09417200088501,2,0.628329038619995
2,14,104,3,4,0.5,1,NaN,5,6,4,0.758130788803101,2,0.532372951507568
1,98,,1,,0.5,3,NaN,5,6,5,0,2,0.804452896118164
1,346,,1,,0.5,1,346,1,6,4,0.678547143936157,3,0.516870021820068
1,84,,3,,0.5,3,84,2,6,5,0,2,1.33268809318542
1,8,,4,,0.5,4,8,4,6,1,1.27067899703979,3,0.708974123001099
2,14,352,2,4,0.8,1,NaN,5,6,5,1.06310892105103,2,1.48959493637085
1,86,,4,,0.5,4,86,2,6,2,1.19104695320129,3,1.17325401306152
2,10,6,2,4,0.8,1,NaN,5,6,5,0,2,0.581495046615601
2,82,104,1,2,0.8,2,104,3,6,3,0.983325958251953,3,0.805593013763428
2,352,356,1,3,0.5,4,NaN,5,6,5,1.15954208374023,2,0.389586210250854
1,86,,2,,0.8,2,86,2,6,2,1.07977700233459,2,0.949737071990967
2,100,82,3,4,0.5,4,82,2,6,2,1.38368201255798,2,1.12583994865417
2,78,96,1,2,0.8,3,NaN,5,6,5,0.983780860900879,2,0.565900087356567
2,346,348,1,3,0.8,3,348,1,6,1,1.4962420463562,2,1.094153881073
2,94,82,1,4,0.8,3,NaN,5,6,2,0.904006004333496,2,0.534080028533936
1,354,,4,,0.8,2,NaN,5,6,2,0.145833969116211,2,0.966423988342285
2,86,354,2,3,0.8,3,354,1,6,NaN,0,2,0.953917026519775
1,98,,1,,0.8,2,NaN,5,6,2,0.896390914916992,1,1.03420996665955
1,98,,4,,0.5,3,NaN,5,6,2,0.992208957672119,2,0.682326078414917
2,354,350,1,4,0.8,4,350,1,6,4,1.47239089012146,1,1.45046401023865
1,86,,4,,0.5,4,86,2,6,2,0.800573825836182,3,0.906651973724365
2,4,14,3,4,0.8,1,NaN,5,6,4,1.44081592559814,2,1.14690494537354
1,356,,4,,0.8,4,356,1,6,4,1.16877794265747,3,0.891033887863159
2,348,350,2,3,0.5,3,350,1,6,4,1.45707201957703,3,0.891203880310059
1,86,,4,,0.5,3,NaN,5,6,2,1.26540303230286,2,0.683151960372925
2,12,86,3,4,0.8,4,86,2,6,2,1.42520999908447,2,1.08767485618591
2,4,104,1,2,0.8,2,104,3,6,NaN,0,1,1.24367713928223
1,354,,3,,0.5,2,NaN,5,6,2,0.945902109146118,3,0.975647926330566
2,78,356,1,3,0.8,4,NaN,5,6,4,1.18569684028625,2,0.672088146209717
1,100,,1,,0.5,4,NaN,5,6,5,0,2,0.832257986068726
1,12,,1,,0.5,1,12,4,6,1,0.67424201965332,2,0.944359064102173
1,78,,4,,0.8,4,78,2,6,2,1.09029102325439,2,1.08844399452209
1,4,,4,,0.8,4,4,4,6,1,0.866424798965454,3,0.560549020767212
1,352,,1,,0.5,4,NaN,5,6,2,0.898465156555176,3,0.528769969940186
2,354,86,2,3,0.5,2,354,1,6,1,1.37862801551819,1,1.26895189285278
2,354,350,1,3,0.5,2,NaN,5,6,5,0,2,0.497031927108765
1,8,,3,,0.8,2,NaN,5,6,4,0.855233907699585,2,0.52911114692688
1,98,,3,,0.5,3,98,3,6,3,1.34735512733459,3,0.993213891983032
2,356,102,2,3,0.8,3,102,3,6,3,1.17126202583313,3,0.769257068634033
2,96,10,3,4,0.8,3,96,3,6,3,1.05966281890869,3,0.689817905426025
1,350,,1,,0.8,3,NaN,5,6,5,0,3,0.897609949111938
1,98,,2,,0.8,3,NaN,5,6,2,1.15563583374023,2,0.897767782211304
1,10,,3,,0.5,3,10,4,6,4,1.28358292579651,1,1.21795916557312
2,94,76,2,4,0.5,4,76,2,6,2,1.331787109375,2,1.26604294776917
1,346,,4,,0.5,4,346,1,6,4,0.948034048080444,3,0.578090906143188
2,14,346,2,4,0.5,4,346,1,6,2,0.679245948791504,1,1.14367318153381
1,354,,2,,0.8,2,354,1,6,4,0.705506801605225,3,0.559278964996338
2,84,78,1,2,0.8,1,84,2,6,2,0.881367921829224,3,0.751527070999146
1,96,,2,,0.8,2,96,3,6,3,1.21749997138977,3,0.687707185745239
1,80,,3,,0.8,4,NaN,5,6,4,1.23391699790955,2,0.735832929611206
2,100,356,1,4,0.8,2,NaN,5,6,5,1.12180399894714,1,0.815878868103027
2,84,84,3,4,0.5,1,NaN,5,6,5,0,2,0.83202600479126
1,84,,2,,0.8,2,84,2,6,2,1.25001621246338,2,0.976306200027466
2,348,96,1,4,0.8,4,96,3,6,2,1.49263000488281,1,0.944370985031128
2,84,6,2,3,0.8,3,6,4,6,1,1.47433304786682,3,0.912465810775757
2,356,102,3,4,0.8,4,102,3,6,3,1.49294900894165,2,1.37684893608093
2,82,10,1,2,0.5,1,82,2,6,2,1.49316811561584,1,1.32893395423889
1,94,,3,,0.8,1,NaN,5,6,5,0.994818210601807,3,0.593245029449463
2,348,14,1,2,0.8,3,NaN,5,6,5,0,2,0.641187191009521
2,82,346,2,3,0.8,1,NaN,5,6,5,0,2,0.465353012084961
1,8,,3,,0.8,1,NaN,5,6,5,0,2,0.657639026641846
2,76,100,3,4,0.5,4,100,3,6,3,1.44335103034973,3,0.961729049682617
2,76,80,1,2,0.5,3,NaN,5,6,5,0,2,0.610096216201782
1,4,,2,,0.8,4,NaN,5,6,5,1.14003491401672,2,0.497903108596802
2,86,86,2,3,0.8,1,NaN,5,6,4,1.2678210735321,3,0.546289205551147
2,86,356,1,2,0.5,3,NaN,5,6,5,1.04429006576538,2,0.530349969863892
1,82,,4,,0.5,3,NaN,5,6,5,0.96429705619812,2,0.48262882232666
2,78,104,1,2,0.8,3,NaN,5,6,4,0.9482581615448,2,0.498746156692505
2,84,346,2,3,0.8,1,NaN,5,6,4,1.20457291603088,2,0.866666078567505
1,98,,3,,0.5,3,98,3,6,3,0.692578077316284,3,0.515026092529297
1,8,,1,,0.5,1,8,4,6,1,1.49500179290771,3,1.04307579994202
1,354,,4,,0.5,1,NaN,5,6,5,1.02886986732483,2,1.05917000770569
2,12,102,1,2,0.5,3,NaN,5,6,5,1.09312796592712,1,0.579164028167725
1,104,,3,,0.8,3,104,3,6,3,0.613115072250366,3,0.467512845993042
1,96,,1,,0.8,1,96,3,6,3,0.741381883621216,2,0.435559988021851
1,346,,3,,0.8,1,NaN,5,7,5,0.337936878204346,NaN,0
1,12,,1,,0.5,1,12,4,7,NaN,0,3,1.9893651008606
2,86,350,1,2,0.5,2,350,1,7,5,0.703552961349487,3,0.439653158187866
1,12,,4,,0.8,4,12,4,7,5,0.479763031005859,3,0.583778858184814
1,354,,2,,0.5,2,354,1,7,2,0.576045036315918,3,0.796171903610229
2,346,348,3,4,0.8,3,346,1,7,NaN,0,NaN,0
1,352,,4,,0.5,2,NaN,5,7,5,0,2,0.48859691619873
1,6,,2,,0.5,3,NaN,5,7,5,0,3,0.360438108444214
2,6,6,3,4,0.5,2,NaN,5,7,5,0.944637060165405,3,0.200731992721558
1,86,,3,,0.5,4,NaN,5,7,5,2.00104808807373,3,0.520987987518311
2,6,84,1,2,0.5,4,NaN,5,7,3,2.92922186851501,2,0.664919137954712
1,6,,2,,0.5,2,6,4,7,2,2.99120187759399,1,1.62594795227051
2,86,80,2,4,0.8,3,NaN,5,7,1,1.04122400283813,3,0.748944044113159
2,348,8,1,4,0.5,2,NaN,5,7,1,1.95371413230896,2,1.16154193878174
1,4,,2,,0.8,3,NaN,5,7,1,1.18574595451355,2,1.22585606575012
2,76,78,1,2,0.8,1,76,2,7,1,2.27377390861511,3,0.665908098220825
2,82,346,1,4,0.8,4,346,1,7,3,1.570063829422,2,0.906184911727905
1,8,,1,,0.5,2,NaN,5,7,NaN,0,2,1.14645004272461
1,14,,3,,0.5,2,NaN,5,7,3,0.738402843475342,3,0.41033411026001
1,352,,4,,0.8,4,352,1,7,3,1.77856993675232,3,0.394720077514648
1,96,,2,,0.8,4,NaN,5,7,2,1.02653193473816,3,1.56269216537476
2,80,96,2,4,0.8,3,NaN,5,7,NaN,0,1,1.35486197471619
1,4,,2,,0.8,4,NaN,5,7,5,1.2512378692627,1,0.427418947219849
1,10,,4,,0.5,4,10,4,7,3,1.76321601867676,3,0.523422002792358
2,78,96,3,4,0.5,2,NaN,5,7,5,0.594053983688354,3,1.82992005348206
2,356,86,1,3,0.8,3,86,2,7,5,0,1,0.429708003997803
1,96,,3,,0.5,4,NaN,5,7,5,1.02988505363464,2,0.398013114929199
1,12,,1,,0.5,1,12,4,7,4,2.19793701171875,3,0.494428873062134
2,356,98,2,3,0.8,4,NaN,5,7,3,2.13418292999268,3,0.46224308013916
1,10,,3,,0.5,3,10,4,7,2,2.00652503967285,3,1.13437604904175
1,10,,3,,0.5,3,10,4,7,2,1.43037295341492,3,1.10273003578186
1,80,,2,,0.5,1,NaN,5,7,5,1.54261302947998,3,1.26279783248901
2,4,350,1,3,0.5,1,4,4,7,3,1.03082799911499,1,1.48698496818542
1,100,,4,,0.8,1,NaN,5,7,4,1.55916309356689,2,1.02291393280029
2,346,100,1,3,0.8,1,346,1,7,4,1.22340989112854,3,0.415405988693237
2,354,84,2,3,0.5,3,84,2,7,2,0.951285123825073,2,0.479811906814575
2,10,86,3,4,0.5,4,86,2,7,3,1.3194317817688,2,1.67953395843506
2,82,104,1,4,0.8,3,NaN,5,7,5,0,2,0.495911121368408
1,354,,4,,0.5,4,354,1,7,3,1.76786303520203,3,0.720172882080078
1,352,,4,,0.5,4,352,1,7,3,1.03211688995361,2,1.61602902412415
2,14,350,1,3,0.8,2,NaN,5,7,2,1.91221284866333,1,1.66444110870361
1,96,,3,,0.5,3,96,3,7,2,1.80043292045593,3,1.92044997215271
2,98,350,2,3,0.5,1,NaN,5,7,5,1.48045897483826,3,1.28507304191589
2,78,346,2,4,0.5,1,NaN,5,7,3,0.936739206314087,2,1.57282996177673
2,96,84,2,3,0.5,2,96,3,7,1,2.20076203346252,3,1.0130889415741
2,98,94,1,2,0.8,4,NaN,5,7,NaN,0,NaN,0
2,86,354,2,4,0.8,2,86,2,7,1,1.48111581802368,3,0.565708875656128
2,356,352,2,4,0.8,2,356,1,7,1,1.35340690612793,3,0.517683029174805
2,348,84,2,4,0.5,3,NaN,5,7,5,0,3,1.40558099746704
1,102,,1,,0.8,1,102,3,7,4,1.41699886322021,3,0.341161012649536
2,12,76,3,4,0.5,4,76,2,7,5,1.86530900001526,2,1.26962995529175
1,4,,1,,0.5,1,4,4,7,5,2.13727784156799,NaN,0
1,94,,1,,0.8,2,NaN,5,7,2,2.93741321563721,1,1.95783400535583
1,84,,1,,0.8,3,NaN,5,7,NaN,0,3,1.94196200370789
2,346,14,1,4,0.5,4,14,4,7,3,1.89801597595215,3,0.358134031295776
1,8,,3,,0.8,4,NaN,5,7,3,2.58584785461426,1,1.15830087661743
1,346,,1,,0.8,1,346,1,7,4,1.94661688804626,3,0.486325979232788
2,356,350,2,4,0.5,2,356,1,7,4,1.99429488182068,NaN,0
2,104,86,1,4,0.5,3,NaN,5,7,5,2.01066517829895,1,0.470822811126709
2,8,104,1,2,0.8,3,NaN,5,7,5,1.33866405487061,NaN,0
1,14,,2,,0.5,2,14,4,7,3,0.831063985824585,1,1.41501498222351
1,12,,1,,0.5,3,NaN,5,7,5,0,3,1.19128012657166
1,6,,2,,0.8,2,6,4,7,5,0,2,0.583507061004639
1,354,,3,,0.8,2,NaN,5,7,5,0,3,0.583460807800293
2,8,82,2,3,0.8,2,8,4,7,5,0,3,1.68774008750916
1,98,,1,,0.5,4,NaN,5,7,5,1.21611404418945,NaN,0
1,98,,4,,0.8,2,NaN,5,7,5,0,3,0.504394054412842
2,8,6,2,3,0.5,4,NaN,5,7,NaN,0,3,0.61624813079834
1,102,,3,,0.8,3,102,3,7,2,0.624364852905273,3,0.42470908164978
2,80,100,3,4,0.5,3,80,2,7,2,1.1365909576416,3,0.520899057388306
1,12,,1,,0.8,2,NaN,5,7,2,1.93686699867249,3,1.59280586242676
1,12,,2,,0.5,2,12,4,7,2,2.5452401638031,2,1.03303217887878
1,6,,3,,0.8,3,6,4,7,2,1.07359194755554,3,0.436913967132568
1,104,,1,,0.8,3,NaN,5,7,5,1.76427388191223,3,0.54072093963623
1,94,,4,,0.8,2,NaN,5,7,3,1.14066791534424,3,0.668508052825928
1,80,,2,,0.8,3,NaN,5,7,5,1.01279497146606,3,0.636631965637207
2,348,352,3,4,0.8,2,NaN,5,7,5,1.78073215484619,3,0.976493120193481
2,96,82,2,3,0.8,2,96,3,7,1,2.0050220489502,3,0.492967844009399
2,100,4,1,2,0.5,1,100,3,7,3,2.99201393127441,1,1.0850830078125
2,6,8,1,2,0.8,3,NaN,5,7,2,1.55727601051331,NaN,0
1,86,,4,,0.8,3,NaN,5,7,2,1.65349078178406,2,1.30952715873718
2,76,96,2,4,0.8,4,96,3,7,3,1.92557096481323,NaN,0
1,80,,1,,0.8,1,80,2,7,4,2.05377697944641,3,0.3978111743927
1,102,,3,,0.5,4,NaN,5,7,5,0.854235887527466,NaN,0
1,98,,3,,0.8,3,98,3,7,2,1.3180558681488,1,0.398190975189209
1,86,,4,,0.8,1,NaN,5,7,3,2.37435913085938,1,0.718273878097534
1,352,,4,,0.8,2,NaN,5,7,5,0,3,1.18278503417969
2,78,102,1,3,0.5,4,NaN,5,7,5,0.822662115097046,2,0.335004091262817
2,82,354,3,4,0.5,2,NaN,5,7,2,1.51112008094788,1,0.846877098083496
1,14,,2,,0.5,2,14,4,7,1,0.567110061645508,3,0.527057886123657
2,4,86,2,4,0.5,2,4,4,7,1,1.52711701393127,3,0.303184986114502
2,80,98,1,4,0.8,3,NaN,5,7,3,2.07139205932617,3,0.399432897567749
1,78,,4,,0.5,2,NaN,5,7,1,2.05569410324097,2,0.895562887191772
2,352,94,1,2,0.8,2,94,3,7,1,0.839689970016479,3,0.463677883148193
1,354,,2,,0.8,3,NaN,5,7,5,0.95187783241272,3,0.239928007125854
1,94,,4,,0.5,4,94,3,7,5,1.7841579914093,1,1.87211108207703
2,350,14,2,3,0.8,3,14,4,7,2,1.33032488822937,2,1.66594505310059
2,78,10,1,4,0.5,4,10,4,7,3,2.22564697265625,2,0.473749876022339
2,12,100,3,4,0.5,4,100,3,7,3,1.40970802307129,3,0.313751935958862
2,354,354,3,4,0.8,1,NaN,5,7,3,2.16206097602844,3,0.666373014450073
2,94,76,1,4,0.5,4,76,2,7,3,0.962233066558838,2,0.426185131072998
1,8,,1,,0.8,3,NaN,5,7,5,1.37853813171387,3,0.938281059265137
2,96,10,2,3,0.5,2,96,3,7,5,0,2,1.17848205566406
1,14,,2,,0.5,2,14,4,7,1,0.866641998291016,3,0.554742097854614
1,78,,2,,0.5,2,78,2,7,1,1.92645716667175,3,1.14682102203369
1,80,,2,,0.8,4,NaN,5,7,3,2.53086709976196,3,0.827146053314209
1,76,,1,,0.5,3,NaN,5,7,2,2.99016404151917,3,0.971238136291504
2,104,76,2,3,0.5,4,NaN,5,7,5,0,2,1.21164798736572
1,354,,2,,0.8,3,NaN,5,7,5,0,NaN,0
1,98,,4,,0.5,1,NaN,5,7,3,0.755604028701782,3,0.443687915802002
2,102,14,1,2,0.5,3,NaN,5,7,3,1.0117609500885,3,0.363945960998535
2,8,76,1,4,0.8,3,NaN,5,7,3,1.12391901016235,3,0.460278034210205
2,80,76,3,4,0.8,3,80,2,7,2,1.49217891693115,2,0.380033016204834
2,104,98,1,3,0.8,4,NaN,5,7,4,0.948344945907593,2,1.37254095077515
2,356,98,1,3,0.8,2,NaN,5,7,1,2.388671875,1,1.91670608520508
1,76,,2,,0.5,2,76,2,7,NaN,0,3,1.43662619590759
2,78,12,1,4,0.5,1,78,2,7,1,2.88468289375305,2,0.972754001617432
1,78,,4,,0.5,4,78,2,7,3,2.10120391845703,3,0.65317702293396
1,102,,3,,0.5,3,102,3,7,2,1.25354504585266,3,0.365322828292847
2,350,82,3,4,0.8,1,NaN,5,7,4,2.86956596374512,NaN,0
2,96,346,3,4,0.5,3,96,3,7,2,0.712709903717041,3,0.419953107833862
2,354,354,1,4,0.8,1,354,1,7,4,1.85949301719666,3,1.00356101989746
1,8,,3,,0.5,3,8,4,7,2,1.1634259223938,3,0.331840038299561
2,86,78,1,3,0.5,1,86,2,7,4,2.21194219589233,2,0.716216087341309
2,350,12,2,4,0.8,4,12,4,7,3,1.56005811691284,2,0.348074197769165
2,14,94,1,4,0.8,3,NaN,5,7,2,1.65212893486023,3,0.780542850494385
1,78,,4,,0.8,1,NaN,5,7,NaN,0,2,1.72469615936279
2,86,354,1,4,0.8,1,86,2,7,4,1.68448185920715,1,1.27657413482666
1,96,,4,,0.8,1,NaN,5,7,4,2.38893890380859,1,1.4537889957428
1,14,,1,,0.5,4,NaN,5,7,NaN,0,2,1.29302191734314
2,78,350,1,2,0.8,4,NaN,5,7,3,1.94111800193787,2,0.317138195037842
2,80,354,2,3,0.5,1,NaN,5,7,1,2.91734790802002,1,1.54933786392212
1,78,,2,,0.8,1,NaN,5,7,NaN,0,2,0.957712888717651
2,10,80,2,3,0.8,3,80,2,7,2,1.22194004058838,3,0.605633974075317
1,8,,3,,0.5,1,NaN,5,7,3,0.757889986038208,3,0.557781934738159
2,14,100,1,4,0.8,3,NaN,5,7,3,0.902277946472168,3,0.478283882141113
1,100,,3,,0.8,3,100,3,7,2,1.28611207008362,3,0.398164987564087
1,84,,1,,0.5,1,84,2,7,4,2.15020513534546,3,0.686414003372192
2,104,6,2,4,0.5,3,NaN,5,7,2,1.97455596923828,NaN,0
2,346,4,1,2,0.5,1,346,1,7,4,1.63867688179016,3,0.622756004333496
2,354,12,1,2,0.8,4,NaN,5,7,5,1.22290897369385,3,1.3950469493866
1,8,,3,,0.5,3,8,4,7,2,0.711234092712402,3,0.399134159088135
2,348,82,2,4,0.5,2,348,1,7,1,2.23113298416138,3,1.71548986434937
2,14,94,2,4,0.8,2,14,4,7,1,1.23968911170959,2,0.611719846725464
2,76,356,2,3,0.8,2,76,2,7,1,1.15603017807007,3,0.431838989257812
1,76,,1,,0.5,1,76,2,7,4,2.18334698677063,2,1.15579509735107
2,6,10,1,3,0.5,2,NaN,5,7,1,1.86361885070801,2,0.595924854278564
1,76,,2,,0.5,2,76,2,7,1,2.99684286117554,3,0.612016916275024
1,86,,3,,0.8,3,86,2,7,2,2.42430591583252,3,1.26834583282471
1,98,,3,,0.8,3,98,3,7,2,1.14381504058838,3,0.804312944412231
1,94,,2,,0.8,4,NaN,5,7,4,2.99737000465393,2,0.980796098709106
1,354,,1,,0.5,1,354,1,7,4,1.57645893096924,3,1.55675792694092
1,76,,2,,0.5,3,NaN,5,7,2,2.92061901092529,NaN,0
2,4,352,2,3,0.5,2,4,4,7,1,2.34471106529236,2,1.14107298851013
1,80,,3,,0.5,4,NaN,5,7,2,1.33697700500488,2,0.709435939788818
1,96,,2,,0.8,2,96,3,7,1,1.20916795730591,3,0.533263921737671
2,10,96,1,2,0.8,2,96,3,7,1,0.489242076873779,3,1.07807087898254
2,96,14,1,3,0.8,3,14,4,7,2,2.08945608139038,3,1.50965714454651
1,78,,3,,0.8,4,NaN,5,7,2,2.60178589820862,2,1.10982298851013
2,86,80,3,4,0.8,3,86,2,7,2,0.697722196578979,3,0.423413991928101
2,100,352,3,4,0.5,3,100,3,7,2,1.58226895332336,3,0.438194036483765
1,346,,3,,0.8,4,NaN,5,7,3,0.68633508682251,3,1.98753809928894
2,80,86,1,2,0.8,4,NaN,5,7,3,2.04651808738708,NaN,0
1,76,,1,,0.8,1,76,2,7,4,0.798722982406616,3,1.57477498054504
2,98,348,1,3,0.5,3,348,1,7,2,1.15087890625,3,0.87073802947998
1,356,,4,,0.8,4,356,1,7,3,1.34295201301575,3,1.399080991745
2,94,102,1,2,0.8,4,NaN,5,7,3,1.53527998924255,2,1.527184009552
2,356,356,1,2,0.8,2,356,1,7,1,1.91979098320007,3,0.343528032302856
1,346,,4,,0.5,4,346,1,7,NaN,0,3,0.972116947174072
2,102,80,1,3,0.8,4,NaN,5,7,5,0,3,0.43880295753479
1,354,,4,,0.8,3,NaN,5,7,5,0.971884965896606,3,0.291918039321899
1,104,,1,,0.8,1,104,3,7,4,2.34804010391235,3,0.691973209381104
1,10,,4,,0.5,1,NaN,5,7,5,0.876290798187256,3,1.33590507507324
2,96,350,3,4,0.5,2,NaN,5,7,NaN,0,1,0.424411058425903
2,82,98,2,3,0.5,2,82,2,7,1,1.5644519329071,3,1.04459810256958
2,80,10,1,3,0.5,4,NaN,5,7,3,1.16474604606628,2,0.552617073059082
2,352,346,2,4,0.5,2,352,1,7,1,2.1890721321106,2,1.66912007331848
1,10,,1,,0.5,3,NaN,5,7,2,1.30895018577576,2,1.49305987358093
1,76,,2,,0.8,2,76,2,7,1,1.58121418952942,3,0.741474866867065
2,94,352,2,4,0.8,3,NaN,5,7,2,2.28523182868958,1,0.809519052505493
2,86,348,1,3,0.8,1,86,2,7,4,1.82154297828674,2,0.613474130630493
2,346,356,1,3,0.8,2,NaN,5,7,3,1.48579001426697,2,1.62173390388489
2,98,102,2,4,0.5,3,NaN,5,7,5,0,2,1.1259388923645
2,356,96,1,3,0.5,2,NaN,5,7,5,0.878343105316162,2,0.374189853668213
1,6,,3,,0.5,4,NaN,5,7,1,1.00618290901184,2,1.01435112953186
2,352,8,2,3,0.5,1,NaN,5,7,5,0,2,0.822504043579102
2,356,352,1,4,0.8,2,NaN,5,7,5,1.08654499053955,2,0.646679878234863
1,86,,4,,0.5,2,NaN,5,7,5,0.894774198532104,3,0.390825986862183
1,346,,4,,0.8,4,346,1,7,3,0.703217029571533,3,0.919174909591675
1,98,,1,,0.8,1,98,3,7,4,1.29536104202271,3,1.55901908874512
1,4,,1,,0.5,4,NaN,5,7,3,2.46308302879333,2,1.12729096412659
2,356,78,1,4,0.5,4,78,2,7,3,1.27974796295166,2,0.279473066329956
1,350,,1,,0.8,1,350,1,8,1,1.09490299224854,1,1.97230911254883
2,100,350,3,4,0.5,4,350,1,8,1,2.50508809089661,1,0.949390888214111
1,8,,4,,0.8,3,NaN,5,8,5,1.19339203834534,2,1.20542001724243
1,98,,4,,0.5,1,NaN,5,8,5,1.08168411254883,3,0.853901863098145
1,8,,3,,0.8,4,NaN,5,8,5,0,3,0.598217010498047
2,4,10,2,3,0.5,1,NaN,5,8,5,0,2,0.902356147766113
1,8,,2,,0.5,4,NaN,5,8,5,0,2,0.646320104598999
2,86,86,2,3,0.5,1,NaN,5,8,5,1.11446404457092,2,1.04668593406677
1,350,,4,,0.5,4,350,1,8,1,1.70629501342773,2,1.1587769985199
2,82,76,2,4,0.8,3,NaN,5,8,5,1.78653597831726,1,0.822801113128662
1,4,,2,,0.8,2,4,4,8,4,1.70683884620667,1,0.695060968399048
1,350,,2,,0.8,2,350,1,8,1,0.843106031417847,2,0.88742208480835
1,356,,4,,0.5,1,NaN,5,8,5,0,2,0.887493133544922
1,82,,2,,0.5,3,NaN,5,8,5,0,2,0.887625932693481
1,346,,1,,0.8,1,346,1,8,1,0.939523935317993,3,0.856124877929688
1,356,,4,,0.5,2,NaN,5,8,1,1.40402388572693,2,0.760129928588867
2,94,82,2,4,0.8,1,NaN,5,8,5,1.1479868888855,2,0.85617995262146
2,350,104,1,2,0.5,3,NaN,5,8,5,0,2,0.744461059570312
2,98,82,3,4,0.5,3,98,3,8,3,1.37235999107361,3,0.712796926498413
1,14,,4,,0.8,4,14,4,8,4,0.716910123825073,3,1.01685190200806
1,84,,1,,0.8,1,84,2,8,2,1.45282101631165,3,0.873205900192261
2,348,354,1,3,0.5,4,NaN,5,8,5,0,2,1.89723086357117
2,104,348,1,3,0.8,2,NaN,5,8,5,0,3,0.777512073516846
1,82,,3,,0.5,3,82,2,8,2,0.797460079193115,3,0.665640115737915
1,82,,2,,0.5,1,NaN,5,8,5,0,3,1.61428284645081
1,76,,2,,0.5,3,NaN,5,8,5,1.11391091346741,2,1.07796812057495
2,12,12,1,4,0.5,1,12,4,8,4,0.810019969940186,1,0.662254810333252
2,14,80,3,4,0.8,2,NaN,5,8,5,0,3,0.934581995010376
1,346,,2,,0.5,2,346,1,8,1,0.730560064315796,3,0.758599042892456
2,94,346,1,3,0.5,1,94,3,8,3,2.13863921165466,1,0.854981184005737
2,100,104,1,4,0.8,4,104,3,8,3,1.25873589515686,1,0.934907913208008
2,8,94,1,3,0.5,1,8,4,8,1,2.31529498100281,1,0.951159000396729
1,86,,2,,0.5,2,86,2,8,5,1.25898313522339,2,0.743591070175171
1,86,,1,,0.5,1,86,2,8,2,0.779376029968262,3,0.679609775543213
1,84,,1,,0.8,1,84,2,8,2,2.97151184082031,1,1.6718430519104
2,350,78,3,4,0.8,1,NaN,5,8,5,0,1,1.20800995826721
1,78,,2,,0.8,1,NaN,5,8,5,0,3,1.48028111457825
2,84,98,1,2,0.8,2,98,3,8,3,1.46806597709656,2,0.824305057525635
2,356,10,2,3,0.8,4,NaN,5,8,5,0,2,0.648728847503662
2,14,94,2,3,0.8,3,94,3,8,3,1.44075512886047,1,0.664842128753662
1,346,,2,,0.8,2,346,1,8,1,0.833070039749146,3,0.601119995117188
1,96,,4,,0.8,4,96,3,8,3,0.897416114807129,3,0.713320016860962
1,12,,3,,0.8,2,NaN,5,8,5,0,2,1.62559199333191
1,354,,3,,0.5,3,354,1,8,1,2.28998112678528,1,1.12968397140503
2,102,80,3,4,0.8,1,NaN,5,8,5,1.20204901695251,3,0.729809045791626
2,352,352,1,4,0.8,2,NaN,5,8,5,1.85794305801392,1,0.649978160858154
2,12,4,1,4,0.8,1,12,4,8,4,1.2661440372467,2,0.77816104888916
2,78,84,2,3,0.8,3,84,2,8,2,0.818510055541992,2,0.698554992675781
1,350,,3,,0.8,1,NaN,5,8,5,0,3,1.10563492774963
1,76,,2,,0.8,3,NaN,5,8,5,0,2,0.745074987411499
2,14,94,2,4,0.8,3,NaN,5,8,5,0,3,0.72927713394165
2,78,104,3,4,0.8,4,104,3,8,3,1.50569605827332,2,0.841532945632935
2,8,8,1,2,0.5,2,8,4,8,4,0.89765477180481,2,0.697805881500244
2,6,352,1,3,0.8,4,NaN,5,8,5,0,3,0.665817975997925
1,14,,4,,0.5,2,NaN,5,8,5,1.42605304718018,2,0.938256978988647
2,82,346,1,4,0.5,2,NaN,5,8,5,1.25022220611572,3,0.970314979553223
2,98,102,1,2,0.5,4,NaN,5,8,5,0,3,0.698357105255127
2,100,102,3,4,0.5,2,NaN,5,8,5,0,3,0.698696136474609
1,76,,1,,0.5,2,NaN,5,8,5,1.02680015563965,2,0.666815996170044
2,94,4,1,2,0.8,4,NaN,5,8,5,0,3,1.0989351272583
2,6,350,2,3,0.5,3,350,1,8,1,2.03523588180542,1,0.635262966156006
1,76,,3,,0.8,4,NaN,5,8,5,0,2,1.64343500137329
2,8,350,1,3,0.5,1,8,4,8,NaN,0,NaN,0
1,96,,1,,0.8,1,96,3,8,3,0.851976871490479,1,0.556130886077881
1,12,,4,,0.8,4,12,4,8,4,0.772202968597412,2,0.63594913482666
2,100,80,2,3,0.5,4,NaN,5,8,5,0,2,0.636239767074585
2,100,78,1,3,0.5,1,100,3,8,3,1.47647500038147,1,0.716669082641602
1,86,,4,,0.8,4,86,2,8,2,0.788658142089844,2,0.892724990844727
1,100,,1,,0.5,3,NaN,5,8,5,0,2,0.765230894088745
1,350,,2,,0.8,2,350,1,8,1,1.70122599601746,1,0.797053098678589
2,86,98,1,3,0.5,1,86,2,8,2,1.8292088508606,1,0.653221130371094
2,346,80,3,4,0.8,3,346,1,8,1,1.58951783180237,1,0.717621088027954
2,78,350,1,3,0.5,3,350,1,8,1,0.84087610244751,2,0.714818000793457
1,14,,3,,0.5,4,NaN,5,8,5,0,3,1.198655128479
2,346,98,1,4,0.5,4,98,3,8,3,1.79849576950073,2,0.862578868865967
2,6,350,2,4,0.5,2,6,4,8,4,1.49492001533508,1,0.622751951217651
2,4,80,1,3,0.5,1,4,4,8,1,1.54279899597168,1,0.527007818222046
1,4,,4,,0.5,4,4,4,8,4,1.31903409957886,1,0.575169086456299
1,96,,4,,0.5,4,96,3,8,3,0.919296026229858,2,0.607494831085205
2,82,346,3,4,0.5,3,82,2,8,2,1.78349804878235,2,0.799516916275024
2,14,350,2,4,0.8,4,350,1,8,1,2.24765610694885,2,1.24776601791382
1,348,,3,,0.8,3,348,1,8,1,0.775975942611694,3,0.735982179641724
1,346,,1,,0.8,1,346,1,8,1,0.984302043914795,3,0.676486015319824
2,4,12,3,4,0.8,3,4,4,8,4,0.920291900634766,2,0.72449803352356
1,4,,1,,0.8,2,NaN,5,8,5,0,3,0.80475902557373
2,94,348,1,2,0.5,1,94,3,8,5,0,1,1.02883410453796
2,350,354,1,3,0.8,4,NaN,5,8,5,1.1450400352478,3,0.612998008728027
2,104,14,2,4,0.8,4,14,4,8,3,2.99623703956604,1,1.6535279750824
2,102,6,2,4,0.8,3,NaN,5,8,5,0,3,0.517761945724487
2,104,12,1,4,0.8,4,12,4,8,4,1.89743709564209,1,0.613703012466431
1,352,,3,,0.5,4,NaN,5,8,5,1.03369879722595,2,1.10992693901062
1,84,,1,,0.8,4,NaN,5,8,5,0,3,0.630467891693115
2,86,100,1,2,0.5,3,NaN,5,8,5,0,3,0.726295948028564
2,356,78,1,4,0.8,2,NaN,5,8,5,0,3,0.694776058197021
2,6,6,1,2,0.5,3,NaN,5,8,5,0,1,0.678903102874756
1,352,,3,,0.8,1,NaN,5,8,5,0,2,0.807238101959229
2,76,8,2,3,0.8,4,NaN,5,8,5,0,3,0.593171119689941
1,94,,3,,0.8,2,NaN,5,8,5,0,3,0.584607124328613
1,102,,2,,0.5,2,102,3,8,3,0.912685871124268,3,0.728885173797607
2,10,104,3,4,0.5,4,104,3,8,3,0.881244897842407,1,0.728953123092651
2,348,102,1,2,0.5,4,NaN,5,8,5,1.16921710968018,3,1.30507397651672
2,350,354,1,2,0.8,3,NaN,5,8,5,0,3,0.793405055999756
1,14,,3,,0.8,2,NaN,5,8,5,1.00973010063171,3,0.617520093917847
2,6,356,3,4,0.8,1,NaN,5,8,1,0.897651195526123,3,1.0820369720459
1,350,,3,,0.5,3,350,1,8,1,1.37785387039185,3,0.601966142654419
1,354,,2,,0.8,3,NaN,5,8,5,0,3,0.698096990585327
1,352,,1,,0.8,3,NaN,5,8,5,0,3,0.650350093841553
2,84,4,2,4,0.8,4,4,4,8,1,1.77882480621338,1,0.970452070236206
2,14,8,2,3,0.5,4,NaN,5,8,5,0,3,0.794793844223022
2,10,100,1,2,0.5,1,10,4,8,4,1.69881391525269,1,1.01904916763306
1,346,,1,,0.8,1,346,1,8,1,0.947066068649292,3,1.41931200027466
2,76,10,1,2,0.8,4,NaN,5,8,3,1.20334506034851,3,0.987277030944824
1,96,,1,,0.5,2,NaN,5,8,5,0,3,0.667651176452637
2,80,94,1,3,0.8,4,NaN,5,8,5,0,3,0.731954097747803
1,84,,3,,0.8,2,NaN,5,8,5,0,3,0.747936010360718
2,354,86,1,4,0.8,3,NaN,5,8,5,0,3,0.796413898468018
2,98,348,2,3,0.5,1,NaN,5,8,5,0,3,0.908391952514648
1,98,,3,,0.5,3,98,3,8,3,1.07672691345215,3,1.34042191505432
1,82,,3,,0.5,2,NaN,5,8,5,0,2,0.828824996948242
1,10,,1,,0.8,1,10,4,8,4,0.676951169967651,2,0.813038110733032
1,10,,2,,0.5,2,10,4,8,4,0.075761079788208,3,0.631683826446533
2,80,10,1,3,0.5,1,80,2,8,2,1.46336483955383,1,0.70360803604126
1,78,,3,,0.8,4,NaN,5,8,5,0,2,0.883774042129517
2,96,104,2,3,0.8,3,104,3,8,3,0.984024047851562,2,0.896007061004639
1,80,,4,,0.5,4,80,2,8,2,0.744120836257935,3,1.41226410865784
2,94,14,1,4,0.8,2,NaN,5,8,5,1.41619086265564,2,0.756414890289307
2,354,346,3,4,0.8,4,346,1,8,1,1.36834502220154,2,1.52470111846924
1,86,,2,,0.5,2,86,2,8,2,0.760442018508911,1,0.661070108413696
2,14,14,3,4,0.5,4,14,4,8,4,0.856482982635498,2,1.38102889060974
2,100,348,2,4,0.5,3,NaN,5,8,5,1.28878402709961,3,0.709119081497192
1,78,,3,,0.5,4,NaN,5,8,5,1.12920308113098,3,0.757469177246094
1,8,,1,,0.5,1,8,4,8,4,0.857513904571533,3,0.96583890914917
1,354,,3,,0.5,3,354,1,8,1,0.905505895614624,3,0.725994110107422
2,96,78,1,2,0.5,1,96,3,8,3,1.54572415351868,2,0.725866079330444
1,104,,3,,0.5,4,NaN,5,8,1,0.793864011764526,3,0.790021181106567
1,86,,1,,0.5,1,86,2,8,2,0.826081037521362,3,0.838263034820557
1,348,,4,,0.8,4,348,1,8,1,2.99729704856873,1,1.8144519329071
1,76,,4,,0.8,4,76,2,8,2,0.826404094696045,3,0.838920116424561
1,10,,1,,0.8,3,NaN,5,8,5,0,3,0.823146104812622
2,352,96,1,2,0.8,1,352,1,8,4,2.99782514572144,1,1.33527803421021
1,84,,4,,0.5,2,NaN,5,8,5,0,3,0.7273108959198
2,12,78,2,3,0.5,1,NaN,5,8,5,0,3,0.631578207015991
2,76,14,2,3,0.8,3,14,4,8,2,1.51552605628967,1,0.599745988845825
1,356,,3,,0.8,3,356,1,8,1,0.875694990158081,3,1.49602198600769
1,78,,3,,0.8,3,78,2,8,2,0.184617042541504,3,0.644815921783447
1,102,,2,,0.8,2,102,3,8,3,0.868584871292114,2,0.604320049285889
2,6,78,1,3,0.5,4,NaN,5,8,5,0,3,0.76460599899292
2,78,102,1,3,0.5,4,NaN,5,8,5,1.04479217529297,3,1.24500703811646
1,350,,4,,0.5,4,350,1,8,1,0.772946119308472,3,0.717182159423828
2,80,10,3,4,0.8,1,NaN,5,8,5,0,3,0.573450088500977
1,346,,4,,0.5,2,NaN,5,8,5,0,3,1.02134704589844
1,84,,3,,0.5,2,NaN,5,8,5,0,3,0.605776786804199
1,84,,1,,0.5,2,NaN,5,8,5,0,3,0.669718027114868
2,96,356,3,4,0.8,1,NaN,5,8,5,0,3,1.0220730304718
1,86,,4,,0.5,4,86,2,8,2,0.758428812026978,3,0.558280944824219
2,346,350,2,4,0.8,1,NaN,5,8,5,0,3,0.750411987304688
2,82,82,1,4,0.5,2,NaN,5,8,5,0.838505029678345,3,0.574656009674072
1,6,,1,,0.8,4,NaN,5,8,5,0,3,0.62275505065918
2,8,78,2,3,0.8,1,NaN,5,8,5,0,3,0.574928998947144
2,86,10,2,3,0.5,4,NaN,5,8,5,0,3,1.11917209625244
1,356,,4,,0.5,2,NaN,5,8,5,0,2,0.70350193977356
2,4,10,1,2,0.8,3,NaN,5,8,5,0,3,0.783453941345215
2,86,356,1,2,0.5,1,86,2,8,2,1.44770908355713,2,0.639685869216919
2,80,102,2,4,0.5,2,80,2,8,2,2.11996507644653,1,0.927994966506958
2,86,10,1,4,0.8,4,10,4,8,2,1.56012201309204,1,1.23254418373108
2,352,84,1,4,0.5,4,84,2,8,2,2.23264288902283,1,0.608484983444214
1,82,,4,,0.8,2,NaN,5,8,5,0.952862024307251,3,0.736861944198608
1,14,,1,,0.8,4,NaN,5,8,5,0,3,0.641112804412842
2,356,102,1,3,0.5,3,102,3,8,3,0.821826934814453,1,0.751446962356567
1,98,,3,,0.5,3,98,3,8,3,1.06687593460083,3,0.967406034469604
1,76,,1,,0.5,2,NaN,5,8,5,1.06729793548584,3,0.727315187454224
1,96,,4,,0.8,4,96,3,8,3,0.843540906906128,2,0.807502031326294
1,96,,2,,0.5,2,96,3,8,3,0.779425144195557,3,1.06391191482544
2,6,104,2,4,0.5,4,104,3,8,2,2.98792004585266,1,1.98656606674194
1,102,,2,,0.8,2,102,3,8,4,0.875838041305542,2,0.648175954818726
1,76,,2,,0.8,3,NaN,5,8,5,0,NaN,0
1,12,,2,,0.8,3,NaN,5,8,5,0,2,0.584439992904663
2,6,10,1,4,0.8,3,NaN,5,8,2,1.19655418395996,3,1.81681180000305
2,76,94,2,4,0.8,3,NaN,5,8,5,0,3,0.681012153625488
1,346,,2,,0.5,2,346,1,8,1,0.945291042327881,3,0.665127038955688
2,104,98,1,4,0.8,3,NaN,5,8,5,0,3,0.521604061126709
1,100,,4,,0.5,4,100,3,8,3,0.737452983856201,3,1.44956302642822
2,98,102,1,4,0.5,1,98,3,8,3,1.10577082633972,1,1.04966998100281
1,6,,1,,0.5,3,NaN,5,8,5,0,3,0.617962121963501
2,356,82,2,3,0.8,3,82,2,8,2,1.79406213760376,2,0.730340003967285
2,348,96,2,4,0.5,2,348,1,8,4,2.6105010509491,1,0.906267166137695
1,104,,4,,0.5,4,104,3,8,3,0.658517837524414,2,0.586593151092529
1,10,,2,,0.8,1,NaN,5,8,5,1.41067790985107,3,0.667021036148071
1,96,,1,,0.8,1,96,3,8,3,0.818901062011719,3,0.7309250831604
2,4,14,2,4,0.5,1,NaN,5,8,5,0,3,1.3553569316864
2,352,98,2,4,0.5,3,NaN,5,8,5,0,3,0.619286060333252
1,354,,2,,0.8,2,354,1,8,1,2.45176386833191,2,1.78757095336914
