setsize,orient_1,orient_2,position_1,position_2,contrast,test,testorient,correctresp,subject,resp,respRT,conf,confRT
1,348,,2,,0.5,1,NaN,5,1,5,0,3,1.24730610847473
2,78,344,1,3,0.8,3,344,1,1,1,1.59711289405823,2,1.6254620552063
2,108,350,1,4,0.5,3,NaN,5,1,5,1.57521200180054,3,0.899456024169922
2,68,104,1,3,0.8,3,104,3,1,4,2.24555587768555,1,0.493695974349976
2,74,94,3,4,0.8,4,94,3,1,3,1.92380785942078,2,0.539753913879395
2,112,350,1,4,0.5,1,112,3,1,1,2.39788508415222,2,1.36596894264221
1,70,,4,,0.5,3,NaN,5,1,5,1.31996703147888,3,0.628351926803589
2,100,352,2,4,0.5,2,100,3,1,3,1.87829184532166,2,1.10239696502686
1,340,,1,,0.5,3,NaN,5,1,5,0,3,0.892934083938599
2,20,68,3,4,0.5,4,68,2,1,4,2.20678782463074,2,1.39868903160095
1,80,,2,,0.5,1,NaN,5,1,5,0,3,0.901012897491455
1,106,,3,,0.5,3,106,3,1,3,1.43135499954224,3,0.767060995101929
2,72,350,1,3,0.8,4,NaN,5,1,5,1.33365988731384,3,0.765607118606567
2,20,12,2,3,0.5,1,NaN,5,1,5,1.16740202903748,3,0.791370153427124
1,106,,1,,0.8,3,NaN,5,1,5,0.925580978393555,3,0.997694969177246
1,110,,4,,0.8,3,NaN,5,1,5,0.663891077041626,3,0.703776121139526
2,112,74,1,3,0.5,4,NaN,5,1,5,0.80608606338501,3,0.798066139221191
1,108,,4,,0.8,2,NaN,5,1,5,1.21604681015015,3,0.600239992141724
1,70,,2,,0.5,3,NaN,5,1,5,0.750409841537476,3,0.534535884857178
1,16,,4,,0.5,4,16,4,1,4,1.78456211090088,3,0.832480907440186
1,110,,3,,0.5,4,NaN,5,1,5,0.742876052856445,3,0.830720901489258
1,96,,1,,0.8,2,NaN,5,1,5,2.54502511024475,3,0.697044849395752
1,344,,2,,0.5,2,344,1,1,1,1.40713500976562,3,0.82326602935791
2,340,6,1,3,0.8,4,NaN,5,1,5,0,3,0.561330795288086
1,342,,2,,0.8,2,342,1,1,1,0.20475697517395,3,0.592792987823486
1,86,,2,,0.8,4,NaN,5,1,5,0,3,1.15439414978027
2,352,14,2,4,0.5,2,352,1,1,1,1.46042013168335,3,1.02464294433594
1,10,,2,,0.5,2,10,4,1,4,1.23485589027405,3,0.635111093521118
2,14,110,1,3,0.5,1,14,4,1,4,1.2128758430481,3,0.760982990264893
1,338,,4,,0.5,1,NaN,5,1,5,0,3,0.627072095870972
2,12,78,1,3,0.5,1,12,4,1,4,1.55720186233521,2,0.353371858596802
2,352,112,1,4,0.5,1,352,1,1,4,2.69171190261841,1,0.699833869934082
2,22,18,3,4,0.5,1,NaN,5,1,5,1.18152403831482,3,1.08187389373779
2,6,82,1,4,0.5,1,6,4,1,4,0.85978889465332,2,0.547917127609253
2,112,84,1,2,0.5,2,84,2,1,4,1.8460328578949,2,0.562255144119263
1,74,,1,,0.8,3,NaN,5,1,5,0,3,1.0845320224762
1,20,,1,,0.8,2,NaN,5,1,5,0,3,0.506474018096924
2,354,354,1,2,0.5,2,354,1,1,1,1.43684387207031,3,0.756660938262939
1,350,,4,,0.8,4,350,1,1,1,1.54292607307434,3,0.562793016433716
2,8,82,2,3,0.8,4,NaN,5,1,5,0,3,0.764904975891113
2,98,348,2,4,0.8,2,98,3,1,3,1.37500095367432,3,1.08351898193359
2,108,6,1,3,0.5,2,NaN,5,1,5,1.26130414009094,3,0.837451934814453
1,68,,1,,0.5,1,68,2,1,2,1.17534303665161,3,0.723917007446289
1,80,,3,,0.5,1,NaN,5,1,5,0,3,1.72598004341125
2,8,102,1,3,0.8,1,8,4,1,1,2.30404591560364,1,0.987962007522583
2,344,98,2,3,0.8,2,344,1,1,1,1.67830204963684,2,1.12613487243652
1,76,,3,,0.8,1,NaN,5,1,5,1.03207111358643,3,1.33239316940308
1,110,,2,,0.5,1,NaN,5,1,5,1.39853596687317,3,0.782685041427612
1,20,,2,,0.8,4,NaN,5,1,5,0.503669023513794,3,0.652945041656494
2,78,10,2,4,0.8,1,NaN,5,1,5,0.954988956451416,3,0.914996147155762
2,12,344,3,4,0.5,3,12,4,1,4,1.46089601516724,3,0.721120834350586
2,16,76,1,4,0.8,1,16,4,1,4,1.52338194847107,3,0.507187843322754
2,82,68,2,4,0.5,4,68,2,1,2,1.13323020935059,3,0.729516983032227
1,6,,4,,0.5,4,6,4,1,4,0.827711820602417,3,0.883610010147095
1,20,,4,,0.5,1,NaN,5,1,5,0,3,1.08981800079346
2,352,352,2,4,0.8,3,NaN,5,1,5,0,3,0.87592887878418
1,12,,1,,0.5,4,NaN,5,1,5,1.21391105651855,3,0.778630971908569
1,22,,3,,0.5,2,NaN,5,1,5,0,3,1.42851305007935
1,344,,3,,0.8,3,344,1,1,1,1.43058514595032,3,0.722708940505981
1,82,,3,,0.5,3,82,2,1,2,1.26882290840149,3,0.9567711353302
2,80,80,1,3,0.8,2,NaN,5,1,5,0,3,1.2912859916687
2,96,104,3,4,0.5,3,96,3,1,3,2.33303618431091,2,1.09304618835449
1,354,,3,,0.8,3,354,1,1,1,1.52731990814209,3,0.963679075241089
1,4,,1,,0.5,1,4,4,1,4,1.78142690658569,3,0.797357082366943
2,6,18,1,3,0.5,4,NaN,5,1,5,0,3,1.17979407310486
2,354,356,1,2,0.5,4,NaN,5,1,5,1.11769008636475,3,1.09385395050049
2,102,84,1,2,0.8,3,NaN,5,1,5,1.49592804908752,3,1.18819093704224
2,352,8,1,2,0.5,1,352,1,1,1,1.31827616691589,2,0.654252767562866
1,102,,3,,0.8,1,NaN,5,1,5,0,3,1.32469201087952
2,14,16,1,4,0.8,3,NaN,5,1,5,0,3,1.06284189224243
2,68,350,1,2,0.5,2,350,1,1,1,1.41664910316467,2,0.709045171737671
1,8,,3,,0.8,3,8,4,1,4,1.3828809261322,2,0.87896203994751
1,84,,4,,0.5,4,84,2,1,NaN,0,3,0.596856117248535
1,12,,3,,0.5,3,12,4,1,4,0.990071058273315,3,0.582203149795532
2,344,98,3,4,0.5,1,NaN,5,1,5,1.03664207458496,3,0.692615985870361
2,96,102,2,3,0.8,4,NaN,5,1,5,0,3,0.62272310256958
1,78,,4,,0.8,1,NaN,5,1,5,0.884958982467651,3,0.701174020767212
1,6,,3,,0.5,2,NaN,5,1,5,0,3,0.598960876464844
2,86,342,2,3,0.8,4,NaN,5,1,5,0,3,0.613604068756104
1,6,,3,,0.5,3,6,4,1,4,0.839478015899658,2,0.751453876495361
1,76,,2,,0.8,3,NaN,5,1,5,0,3,0.445739984512329
1,4,,1,,0.8,3,NaN,5,1,5,0,3,0.519854068756104
2,96,346,3,4,0.8,1,NaN,5,1,5,0,3,0.678133964538574
1,102,,2,,0.5,3,NaN,5,1,5,0,3,1.1404390335083
1,4,,2,,0.8,3,NaN,5,1,5,0,3,0.830514907836914
1,342,,3,,0.8,4,NaN,5,1,5,0,3,0.892873048782349
1,4,,1,,0.8,1,4,4,1,4,1.24676108360291,3,0.998847961425781
2,348,106,2,4,0.8,2,348,1,1,1,1.73690104484558,2,1.49317121505737
2,338,86,1,2,0.8,1,338,1,1,1,1.49536395072937,3,1.0871000289917
1,102,,1,,0.5,1,102,3,1,3,1.44120287895203,3,1.37340402603149
2,356,4,2,4,0.5,1,NaN,5,1,5,1.96764898300171,3,0.951773881912231
1,350,,1,,0.8,1,350,1,1,5,0,3,0.517910003662109
2,84,84,2,4,0.5,4,84,2,1,2,1.32003116607666,2,0.751951932907104
1,100,,2,,0.8,2,100,3,1,3,1.31406593322754,3,1.13454699516296
2,76,70,3,4,0.5,4,70,2,1,2,1.40829682350159,3,0.792210817337036
1,344,,3,,0.5,3,344,1,1,1,1.22633004188538,3,0.870714902877808
2,22,104,2,3,0.5,4,NaN,5,1,5,0,3,1.01908206939697
1,12,,2,,0.5,3,NaN,5,1,5,0.857006788253784,3,0.592859983444214
2,110,354,2,3,0.8,4,NaN,5,1,5,0.931107044219971,3,0.5710129737854
2,76,80,1,3,0.5,3,80,2,1,1,1.20161199569702,3,0.569247961044312
1,82,,1,,0.8,2,NaN,5,1,5,1.08333516120911,3,0.467525005340576
2,100,72,2,4,0.5,4,72,2,1,2,1.16174721717834,2,0.961632966995239
1,68,,2,,0.8,3,NaN,5,1,5,0.787689924240112,3,0.860028982162476
2,4,16,2,4,0.5,3,NaN,5,1,5,0,3,1.11405205726624
2,102,86,3,4,0.8,1,NaN,5,1,5,0.940318822860718,3,0.708590030670166
2,104,100,1,4,0.8,4,100,3,1,3,0.778595924377441,3,0.5624098777771
1,102,,2,,0.8,1,NaN,5,1,5,0,3,0.588556051254272
1,356,,1,,0.5,1,356,1,1,1,1.05889987945557,3,0.954810857772827
1,106,,1,,0.5,1,106,3,1,3,0.716881990432739,3,1.07705593109131
2,342,6,1,4,0.8,3,NaN,5,1,5,0,3,0.547476053237915
1,86,,4,,0.8,3,NaN,5,1,5,0,3,0.817414045333862
2,344,106,1,2,0.8,2,106,3,1,4,1.29978179931641,2,0.443610191345215
2,344,76,1,2,0.5,1,344,1,1,1,1.53353309631348,2,0.441816091537476
2,110,338,3,4,0.5,4,338,1,1,1,1.30796790122986,3,0.516216993331909
1,78,,4,,0.5,4,78,2,1,2,0.550040006637573,3,0.546541929244995
1,108,,4,,0.5,3,NaN,5,1,5,0,3,0.668612003326416
2,10,4,1,4,0.8,2,NaN,5,1,5,0,3,0.61872410774231
1,94,,4,,0.8,4,94,3,1,3,0.844964027404785,3,0.468684196472168
2,100,102,1,4,0.8,3,NaN,5,1,5,0,3,0.675212860107422
1,10,,1,,0.5,1,10,4,1,4,1.58901691436768,3,0.973056077957153
2,346,70,2,3,0.8,1,NaN,5,1,5,0,3,0.908034086227417
1,110,,1,,0.8,1,110,3,1,1,1.04971504211426,3,0.641725063323975
2,98,112,1,4,0.5,4,112,3,1,3,1.61984300613403,2,0.667814970016479
2,10,338,1,2,0.8,2,338,1,1,1,1.9543719291687,3,0.554141998291016
2,354,10,1,3,0.8,2,NaN,5,1,5,0.876187801361084,3,0.660426139831543
1,338,,4,,0.5,4,338,1,1,1,0.906471967697144,3,0.578387975692749
2,96,342,1,4,0.8,1,96,3,1,2,0.788645029067993,3,0.572548866271973
2,106,110,1,2,0.8,2,110,3,1,4,2.37093496322632,2,0.474840879440308
2,106,76,2,3,0.5,3,76,2,1,2,1.96497702598572,2,0.645133018493652
2,104,104,2,3,0.8,1,NaN,5,1,5,1.11524796485901,3,1.10730218887329
1,22,,2,,0.5,2,22,4,1,2,0.853307962417603,2,1.08963704109192
2,16,78,2,4,0.8,4,78,2,1,2,1.89174103736877,2,0.603929996490479
1,4,,2,,0.5,2,4,4,1,4,1.37403297424316,3,0.63395881652832
1,102,,1,,0.8,2,NaN,5,1,5,0.956045150756836,3,1.04404592514038
2,104,350,1,4,0.5,2,NaN,5,1,5,0,3,0.75440502166748
1,20,,1,,0.8,1,20,4,1,4,0.628271102905273,3,0.620559215545654
1,72,,3,,0.8,3,72,2,1,2,0.638420104980469,3,0.650586843490601
1,86,,1,,0.8,4,NaN,5,1,3,2.02891492843628,1,0.884650945663452
1,94,,4,,0.8,4,94,3,1,3,0.966837167739868,2,0.563414096832275
1,350,,4,,0.8,2,NaN,5,1,5,0,3,1.51734089851379
2,70,354,1,2,0.8,2,354,1,1,1,1.3432469367981,3,0.875449180603027
1,98,,2,,0.5,3,NaN,5,1,5,1.24572086334229,3,0.773623943328857
1,106,,2,,0.5,4,NaN,5,1,5,0,3,0.81983208656311
1,22,,3,,0.5,2,NaN,5,1,5,1.90982794761658,3,0.90998911857605
2,80,16,1,2,0.8,4,NaN,5,1,5,0.95810079574585,3,0.921274185180664
1,106,,3,,0.5,3,106,3,1,3,0.566988945007324,3,0.607108116149902
1,344,,3,,0.8,3,344,1,1,1,0.817138910293579,3,0.985152006149292
2,348,342,3,4,0.5,4,342,1,1,1,1.24322295188904,3,0.583545923233032
1,346,,2,,0.5,3,NaN,5,1,5,1.99371194839478,3,0.609519958496094
2,112,18,3,4,0.5,4,18,4,1,4,1.255854845047,3,0.815769910812378
2,346,98,1,3,0.5,2,NaN,5,1,5,1.84189200401306,3,0.68198299407959
2,84,340,2,4,0.5,4,340,1,1,1,1.2641749382019,2,0.632197141647339
1,22,,2,,0.5,2,22,4,1,4,0.922302007675171,3,0.738553047180176
1,100,,2,,0.8,1,NaN,5,1,5,1.78453516960144,3,0.880600214004517
2,74,4,1,2,0.8,1,74,2,1,2,1.61871910095215,3,0.570850133895874
2,96,6,2,3,0.8,2,96,3,1,3,1.02504515647888,3,0.601048946380615
1,10,,4,,0.5,4,10,4,1,4,0.747276067733765,3,0.851244211196899
1,344,,3,,0.8,2,NaN,5,1,5,1.51339292526245,3,1.31358909606934
2,4,106,1,4,0.8,3,NaN,5,1,5,1.10731410980225,3,0.571353912353516
1,346,,1,,0.8,1,346,1,1,1,0.62571382522583,3,0.537690877914429
1,82,,3,,0.8,3,82,2,1,2,0.907895088195801,3,0.740020036697388
2,22,346,3,4,0.5,4,346,1,1,1,1.17798590660095,3,0.530267953872681
2,102,10,3,4,0.8,1,NaN,5,1,5,1.3959047794342,3,0.860317945480347
1,16,,4,,0.8,3,NaN,5,1,5,1.13849306106567,3,0.474576950073242
2,354,356,2,3,0.8,1,NaN,5,1,5,1.29244995117188,3,0.612504959106445
1,70,,3,,0.5,3,70,2,1,2,0.875037908554077,3,1.07491302490234
2,112,110,1,4,0.5,1,112,3,1,1,1.30100703239441,3,1.31324315071106
2,356,342,1,4,0.5,3,NaN,5,1,5,1.34720516204834,3,0.491409063339233
1,100,,3,,0.5,1,NaN,5,1,5,0.474113941192627,3,0.819485187530518
1,112,,1,,0.8,4,NaN,5,1,5,1.00478911399841,3,0.820834159851074
2,20,12,1,3,0.8,4,NaN,5,1,5,1.8630359172821,3,0.595224142074585
2,22,72,3,4,0.8,4,72,2,1,4,1.47709798812866,3,0.609354019165039
2,98,84,2,4,0.5,2,98,3,1,4,1.03937888145447,3,0.491809844970703
2,106,10,1,3,0.8,4,NaN,5,1,5,1.24560499191284,3,0.661587953567505
2,346,72,2,4,0.5,2,346,1,1,1,1.2239248752594,3,1.15595316886902
1,6,,1,,0.5,4,NaN,5,1,5,1.23795199394226,3,0.926245927810669
1,342,,2,,0.8,4,NaN,5,1,5,1.26402688026428,3,1.14822101593018
2,94,356,2,3,0.8,3,356,1,1,1,1.37457418441772,3,0.678368091583252
2,342,96,1,2,0.8,1,342,1,1,1,1.54444098472595,3,0.596822023391724
2,350,20,2,3,0.5,2,350,1,1,1,1.094731092453,2,0.703054189682007
1,86,,3,,0.5,4,NaN,5,1,5,1.6971480846405,3,1.00505399703979
2,68,74,1,2,0.5,4,NaN,5,1,5,1.39127016067505,3,0.679228067398071
2,100,108,2,3,0.8,2,100,3,1,4,1.59760713577271,2,1.30147480964661
1,108,,1,,0.5,4,NaN,5,1,5,1.60749197006226,3,0.575753927230835
1,74,,4,,0.8,4,74,2,1,2,0.869668006896973,3,0.73365592956543
2,18,82,2,4,0.8,3,NaN,5,1,5,0,3,0.664050102233887
1,350,,4,,0.8,4,350,1,1,4,1.40609908103943,2,0.42215895652771
1,96,,4,,0.8,3,NaN,5,1,5,1.65653395652771,3,1.02453279495239
2,10,6,2,3,0.8,1,NaN,5,1,5,1.23842215538025,3,0.542453050613403
1,20,,4,,0.5,4,20,4,1,4,1.39281606674194,3,0.552856922149658
2,20,82,3,4,0.5,1,NaN,5,1,5,1.18279886245728,3,0.567322015762329
1,14,,4,,0.8,1,NaN,5,1,5,1.46509790420532,3,0.94509482383728
1,72,,2,,0.5,2,72,2,2,2,1.82420897483826,NaN,0
1,78,,1,,0.8,3,NaN,5,2,5,2.17603898048401,2,1.67628979682922
2,16,96,1,3,0.5,1,16,4,2,1,2.59032106399536,3,0.838548898696899
1,104,,2,,0.5,2,104,3,2,5,2.95231103897095,3,1.70053911209106
1,340,,1,,0.5,3,NaN,5,2,5,1.5428409576416,3,0.654989004135132
2,110,6,1,2,0.8,2,6,4,2,NaN,0,2,0.285244941711426
2,22,96,1,4,0.8,4,96,3,2,4,2.17533993721008,2,0.77505087852478
1,106,,3,,0.8,3,106,3,2,5,2.95333099365234,2,1.10914421081543
2,4,352,1,3,0.8,3,352,1,2,5,2.77529716491699,3,0.991386890411377
1,10,,2,,0.5,2,10,4,2,4,2.08129501342773,3,0.541656017303467
1,10,,4,,0.8,1,NaN,5,2,5,1.85550022125244,2,0.695818185806274
1,112,,3,,0.8,3,112,3,2,3,2.68203687667847,2,1.14185404777527
2,12,74,1,2,0.8,1,12,4,2,5,2.87222480773926,1,1.48790001869202
2,94,112,1,4,0.5,2,NaN,5,2,5,1.28232908248901,2,1.35851311683655
1,340,,4,,0.8,2,NaN,5,2,5,1.42432689666748,2,0.456576108932495
2,352,68,2,3,0.8,4,NaN,5,2,5,1.67446112632751,1,1.59052300453186
2,354,94,3,4,0.5,3,354,1,2,1,2.61689209938049,2,0.576647043228149
2,108,76,3,4,0.8,1,NaN,5,2,5,2.05091285705566,1,0.43123197555542
1,100,,4,,0.8,1,NaN,5,2,5,2.78493285179138,1,0.840991020202637
1,350,,2,,0.5,2,350,1,2,5,2.77924108505249,2,1.0471498966217
1,68,,3,,0.8,4,NaN,5,2,3,2.63312005996704,1,0.801133155822754
1,108,,3,,0.5,4,NaN,5,2,5,1.57131314277649,3,0.735452175140381
2,80,70,2,3,0.8,1,NaN,5,2,5,1.48970794677734,2,0.409511089324951
2,348,94,1,2,0.5,2,94,3,2,3,2.44365310668945,2,0.503995895385742
1,20,,2,,0.5,3,NaN,5,2,3,0.938259124755859,3,0.698116064071655
1,340,,3,,0.5,2,NaN,5,2,5,1.53967618942261,2,0.479830026626587
1,342,,2,,0.8,2,342,1,2,4,2.54596590995789,2,0.65007495880127
2,344,18,1,3,0.5,3,18,4,2,4,2.65192198753357,3,0.968197107315063
2,94,342,2,4,0.5,4,342,1,2,1,1.93055009841919,1,0.402278900146484
1,338,,3,,0.8,2,NaN,5,2,5,1.44456911087036,2,0.576651811599731
1,82,,4,,0.5,4,82,2,2,2,2.67480897903442,3,1.51456594467163
2,22,112,1,4,0.5,3,NaN,5,2,5,1.82086300849915,1,0.376821041107178
2,20,352,2,4,0.8,2,20,4,2,NaN,0,3,1.29907894134521
1,108,,3,,0.5,3,108,3,2,3,2.52139782905579,2,0.721142053604126
2,82,18,1,4,0.8,3,NaN,5,2,5,1.57141184806824,2,0.363265037536621
2,80,102,1,3,0.8,4,NaN,5,2,5,0,2,0.95356011390686
1,96,,3,,0.5,2,NaN,5,2,5,1.4036021232605,3,0.355536937713623
2,344,98,1,2,0.5,4,NaN,5,2,5,1.35368204116821,2,1.7939600944519
2,68,106,1,2,0.5,2,106,3,2,5,2.80384492874146,2,1.34011697769165
2,12,350,1,4,0.8,1,12,4,2,2,2.17822098731995,1,1.70624399185181
2,344,20,2,4,0.8,3,NaN,5,2,5,1.37213182449341,3,0.468631982803345
1,96,,1,,0.5,1,96,3,2,2,2.5388081073761,3,0.722635984420776
2,76,76,1,4,0.8,2,NaN,5,2,5,1.60487818717957,3,0.476606845855713
2,14,94,1,2,0.8,1,14,4,2,5,2.70687198638916,2,1.00307202339172
1,344,,3,,0.8,3,344,1,2,1,1.64476203918457,3,0.404868125915527
2,18,350,2,4,0.5,2,18,4,2,4,1.93102383613586,3,1.187420129776
2,338,82,1,3,0.5,2,NaN,5,2,5,1.89332008361816,2,0.525140047073364
2,16,8,1,2,0.8,4,NaN,5,2,5,0,2,0.923834085464478
2,94,70,2,4,0.5,3,NaN,5,2,5,1.0493528842926,3,0.533334016799927
1,354,,3,,0.5,1,NaN,5,2,5,1.29505705833435,3,0.454831838607788
1,348,,2,,0.5,4,NaN,5,2,5,1.45305204391479,3,0.421243906021118
1,352,,4,,0.8,4,352,1,2,4,2.16700482368469,2,0.46735405921936
2,108,18,2,4,0.5,2,108,3,2,1,2.69343519210815,1,0.749745845794678
1,350,,1,,0.5,1,350,1,2,1,2.5274920463562,2,1.22349619865417
1,18,,1,,0.5,4,NaN,5,2,5,1.75778794288635,2,0.741997957229614
2,340,10,2,3,0.5,4,NaN,5,2,5,1.68784213066101,2,0.81578516960144
1,338,,2,,0.8,2,338,1,2,NaN,0,1,1.24619913101196
1,342,,1,,0.5,4,NaN,5,2,5,0.992121934890747,3,0.552073001861572
2,22,78,2,3,0.5,2,22,4,2,1,2.17429995536804,3,0.486334085464478
2,8,344,3,4,0.8,3,8,4,2,4,2.63248085975647,3,1.13658905029297
1,6,,4,,0.5,4,6,4,2,4,2.00666689872742,3,0.911062002182007
1,112,,4,,0.8,4,112,3,2,2,2.41694784164429,2,1.99481511116028
1,4,,4,,0.8,3,NaN,5,2,5,1.23115682601929,2,0.423151016235352
2,342,98,2,4,0.8,1,NaN,5,2,5,1.33714985847473,2,0.689179182052612
2,86,86,2,3,0.5,1,NaN,5,2,5,0.967367887496948,2,0.479416131973267
2,94,16,1,3,0.8,4,NaN,5,2,5,1.24973201751709,2,0.601632118225098
1,108,,2,,0.5,2,108,3,2,2,2.36780118942261,2,0.583688974380493
2,352,356,1,2,0.5,3,NaN,5,2,5,0,2,0.594108104705811
1,72,,3,,0.8,3,72,2,2,2,2.60001397132874,3,1.53600096702576
2,82,110,1,4,0.8,2,NaN,5,2,5,1.66602110862732,2,0.153923988342285
1,86,,2,,0.5,3,NaN,5,2,5,1.60065412521362,2,0.840441942214966
1,20,,2,,0.8,1,NaN,5,2,5,1.41824507713318,3,0.546571969985962
1,98,,1,,0.8,2,NaN,5,2,5,0.546922206878662,3,0.485968112945557
2,82,104,1,3,0.8,3,104,3,2,3,2.03150200843811,2,0.699831962585449
1,12,,3,,0.5,2,NaN,5,2,5,1.30973196029663,3,0.485883951187134
1,16,,4,,0.8,2,NaN,5,2,5,2.99479794502258,3,0.92801308631897
1,74,,4,,0.5,1,NaN,5,2,5,1.46214199066162,2,0.606247901916504
1,356,,1,,0.8,1,356,1,2,5,2.80052709579468,3,1.16033291816711
2,18,354,2,3,0.8,3,354,1,2,1,1.66268491744995,3,0.374538898468018
2,110,74,1,2,0.8,3,NaN,5,2,5,1.06450796127319,3,0.464493989944458
2,10,10,1,3,0.8,4,NaN,5,2,5,1.71883511543274,2,1.24691390991211
1,102,,3,,0.8,3,102,3,2,3,2.43290996551514,1,0.953176975250244
2,76,18,2,3,0.8,3,18,4,2,1,2.43121004104614,2,0.743115901947021
1,68,,1,,0.5,4,NaN,5,2,5,2.76122188568115,3,1.15354704856873
2,78,352,1,4,0.8,2,NaN,5,2,5,1.19142699241638,2,0.703465938568115
2,86,342,1,4,0.5,4,342,1,2,3,2.41786503791809,2,1.16595196723938
1,108,,1,,0.5,2,NaN,5,2,5,1.42381310462952,3,0.503761053085327
1,10,,2,,0.5,2,10,4,2,4,2.39417695999146,3,0.694211006164551
1,94,,1,,0.8,3,NaN,5,2,5,1.75249195098877,3,1.08851718902588
2,350,100,2,3,0.5,1,NaN,5,2,5,1.37836599349976,2,0.538376092910767
2,22,340,3,4,0.5,2,NaN,5,2,5,1.31254601478577,3,0.45672607421875
2,350,352,2,4,0.8,4,352,1,2,1,2.04248905181885,3,0.518919944763184
2,100,84,2,4,0.8,3,NaN,5,2,2,1.84890699386597,NaN,0
1,354,,1,,0.5,1,354,1,2,1,2.65900182723999,3,1.55105090141296
1,10,,2,,0.5,3,NaN,5,2,5,1.31310701370239,3,0.55305004119873
2,82,20,1,3,0.5,2,NaN,5,2,1,2.04327797889709,1,0.679387807846069
1,94,,2,,0.8,3,NaN,5,2,2,0.721935033798218,2,0.45234489440918
1,6,,1,,0.5,4,NaN,5,2,5,1.26181292533875,2,0.470249891281128
2,86,344,3,4,0.8,2,NaN,5,2,5,1.2559130191803,3,0.43616795539856
2,68,102,3,4,0.5,4,102,3,2,5,2.99301910400391,2,1.59834980964661
2,76,342,2,3,0.5,2,76,2,2,2,1.72851204872131,3,0.476672887802124
2,80,94,2,3,0.8,3,94,3,2,2,2.63875293731689,3,1.19074106216431
2,78,80,3,4,0.8,1,NaN,5,2,5,1.56481885910034,3,1.6047511100769
1,70,,4,,0.8,2,NaN,5,2,5,1.28681421279907,2,0.750768184661865
2,344,22,2,3,0.5,1,NaN,5,2,5,1.31712794303894,2,0.765376091003418
1,70,,2,,0.5,4,NaN,5,2,5,1.51923799514771,3,0.951301097869873
2,98,74,1,2,0.8,2,74,2,2,5,1.96559906005859,2,1.36572003364563
2,356,80,1,4,0.8,3,NaN,5,2,5,1.41546392440796,3,0.943524122238159
2,338,352,1,2,0.5,3,NaN,5,2,3,1.36574387550354,3,1.38975691795349
1,98,,1,,0.8,3,NaN,5,2,3,1.12007904052734,3,0.503793954849243
1,4,,1,,0.8,1,4,4,2,5,2.84637498855591,NaN,0
1,108,,4,,0.5,4,108,3,2,3,2.64819097518921,3,1.10407185554504
2,350,22,3,4,0.5,4,22,4,2,2,2.51869297027588,2,0.798564910888672
2,80,20,1,3,0.8,2,NaN,5,2,3,1.66453886032104,2,1.32086396217346
2,96,86,1,3,0.5,3,86,2,2,5,2.98826384544373,2,1.28708910942078
1,350,,3,,0.8,3,350,1,2,3,2.23291802406311,1,0.512855052947998
2,354,344,1,4,0.5,1,354,1,2,1,1.8790910243988,3,0.847126007080078
1,20,,2,,0.8,1,NaN,5,2,5,1.64936399459839,1,1.25705289840698
1,20,,4,,0.8,3,NaN,5,2,5,1.43936014175415,3,0.407364845275879
2,112,68,1,2,0.5,3,NaN,5,2,5,0.88933801651001,3,0.929780006408691
1,74,,1,,0.5,1,74,2,2,5,2.41892385482788,2,1.09765100479126
2,84,12,2,4,0.8,4,12,4,2,4,2.65932393074036,3,1.63139700889587
2,14,348,1,4,0.8,3,NaN,5,2,5,1.32929301261902,3,0.473453998565674
2,108,22,3,4,0.8,2,NaN,5,2,1,2.39549803733826,1,0.455955028533936
1,340,,3,,0.5,4,NaN,5,2,5,0,3,0.449770927429199
1,344,,1,,0.8,1,344,1,2,1,2.46775698661804,3,0.86401104927063
2,68,338,1,2,0.8,3,NaN,5,2,5,1.1222779750824,3,0.410126209259033
2,340,22,2,3,0.8,2,340,1,2,4,2.15618491172791,3,0.584357023239136
1,108,,3,,0.5,3,108,3,2,2,2.57031893730164,2,1.18632698059082
2,12,74,1,3,0.8,1,12,4,2,4,2.30848097801208,3,0.576709985733032
2,94,356,2,3,0.5,2,94,3,2,2,2.7226288318634,2,1.3546199798584
2,352,78,3,4,0.5,4,78,2,2,2,2.38077402114868,3,0.777001142501831
1,100,,3,,0.8,2,NaN,5,2,5,1.14709901809692,2,0.483191013336182
1,354,,4,,0.5,1,NaN,5,2,5,1.22523999214172,2,0.497332096099854
2,346,112,2,3,0.5,2,346,1,2,1,2.65940093994141,2,0.795672178268433
2,84,356,1,2,0.5,1,84,2,2,5,2.83362078666687,2,0.873813152313232
1,342,,2,,0.5,2,342,1,2,1,2.60374188423157,2,1.28397083282471
1,342,,2,,0.8,2,342,1,2,1,2.45792603492737,2,1.49035286903381
2,82,352,1,3,0.5,1,82,2,2,2,2.4680449962616,3,0.668365955352783
2,110,16,2,3,0.8,4,NaN,5,2,5,1.44233512878418,3,0.554387092590332
1,74,,1,,0.8,3,NaN,5,2,5,1.00438809394836,3,0.500577926635742
2,4,344,1,3,0.5,3,344,1,2,1,2.7148699760437,3,1.13849997520447
2,348,98,1,3,0.5,1,348,1,2,1,2.40460801124573,3,0.57273006439209
1,72,,2,,0.5,3,NaN,5,2,5,1.1710250377655,3,0.427249908447266
1,354,,3,,0.8,3,354,1,2,1,1.27144503593445,2,0.817034006118774
2,352,8,3,4,0.8,3,352,1,2,1,1.85051107406616,3,0.418555021286011
1,76,,4,,0.8,4,76,2,2,2,2.37273502349854,3,0.860457181930542
1,80,,4,,0.8,4,80,2,2,5,2.88274884223938,2,1.11480188369751
2,18,112,2,4,0.8,1,NaN,5,2,5,1.10086989402771,3,0.484966993331909
2,104,82,3,4,0.8,4,82,2,2,2,2.57120990753174,3,1.98935103416443
2,348,94,3,4,0.5,2,NaN,5,2,5,1.87704420089722,2,1.16934394836426
1,78,,2,,0.5,3,NaN,5,2,5,1.20348286628723,1,0.539448022842407
1,20,,1,,0.5,1,20,4,2,1,1.53339600563049,3,0.597817897796631
2,8,350,1,2,0.8,1,8,4,2,1,1.86773014068604,3,0.59578800201416
1,112,,1,,0.5,1,112,3,2,2,2.06985712051392,3,0.578167915344238
1,86,,2,,0.5,2,86,2,2,2,1.55604219436646,3,0.860131978988647
1,338,,4,,0.5,1,NaN,5,2,5,1.48601508140564,3,0.506468057632446
1,76,,2,,0.5,1,NaN,5,2,5,1.1644070148468,3,0.452747106552124
2,72,96,1,4,0.8,4,96,3,2,2,1.84649014472961,2,1.29867386817932
1,98,,2,,0.5,1,NaN,5,2,5,0,2,0.748839855194092
2,94,80,2,3,0.5,2,94,3,2,3,1.77475714683533,3,0.875022172927856
1,74,,4,,0.8,1,NaN,5,2,5,0,2,0.485221147537231
1,18,,4,,0.5,1,NaN,5,2,5,0,3,0.499604940414429
2,16,86,1,4,0.8,1,16,4,2,1,2.03739190101624,2,0.477349996566772
1,356,,4,,0.5,4,356,1,2,5,2.86349391937256,2,1.33965706825256
1,356,,1,,0.5,1,356,1,2,4,1.42175698280334,2,0.549980878829956
1,112,,3,,0.5,3,112,3,2,3,2.10373377799988,2,0.467952013015747
2,78,78,2,4,0.5,1,NaN,5,2,5,0.997947931289673,3,0.414033889770508
2,86,338,3,4,0.8,2,NaN,5,2,5,0.803717136383057,2,0.428486824035645
1,78,,4,,0.8,2,NaN,5,2,5,2.82587814331055,1,0.865965127944946
2,78,350,1,4,0.8,1,78,2,2,2,2.16430997848511,1,0.44400691986084
2,8,350,1,4,0.5,2,NaN,5,2,5,1.2185320854187,3,0.426430940628052
1,70,,1,,0.5,1,70,2,2,2,1.88440680503845,3,0.420238018035889
2,6,74,2,4,0.8,1,NaN,5,2,5,1.19476413726807,3,1.09090399742126
1,346,,3,,0.5,3,346,1,2,1,1.92463207244873,3,0.860667943954468
2,72,350,1,2,0.8,2,350,1,2,NaN,0,2,1.62726616859436
2,94,82,1,3,0.5,2,NaN,5,2,5,1.37306690216064,3,0.553243160247803
1,16,,3,,0.5,3,16,4,2,4,2.44329500198364,2,1.04361581802368
2,8,72,3,4,0.5,4,72,2,2,2,2.53327894210815,2,1.13779401779175
2,82,20,3,4,0.8,1,NaN,5,2,5,0,1,0.427880048751831
1,112,,4,,0.8,4,112,3,2,2,1.389897108078,3,0.39404296875
2,106,78,2,4,0.5,3,NaN,5,2,5,0,2,0.355978965759277
1,102,,1,,0.8,1,102,3,2,3,2.23036098480225,3,1.0262188911438
1,68,,2,,0.8,4,NaN,5,2,5,2.11638617515564,3,0.412286996841431
1,72,,4,,0.8,3,NaN,5,2,5,1.21459007263184,3,0.714666128158569
1,20,,3,,0.5,3,20,4,2,4,0.780549049377441,3,0.804655075073242
2,112,340,2,4,0.8,1,NaN,5,2,5,1.1269211769104,3,0.49888014793396
1,340,,1,,0.5,1,340,1,2,1,2.0848491191864,3,0.588901042938232
1,72,,3,,0.8,3,72,2,2,2,1.87093997001648,3,0.443439960479736
1,348,,3,,0.8,3,348,1,2,1,1.56511807441711,3,0.341257095336914
2,14,106,2,4,0.5,1,NaN,5,2,5,1.07927012443542,3,0.451516151428223
1,18,,4,,0.8,2,NaN,5,2,5,0,3,0.445838928222656
2,352,106,1,3,0.5,4,NaN,5,3,5,0.672881126403809,NaN,0
2,110,8,1,2,0.8,4,NaN,5,3,4,1.785649061203,1,1.28130483627319
1,352,,4,,0.5,1,NaN,5,3,5,1.60343885421753,3,0.831967115402222
1,6,,2,,0.5,2,6,4,3,4,2.41792893409729,2,1.11370706558228
2,106,4,2,3,0.5,1,NaN,5,3,5,1.05175995826721,3,0.679913997650146
2,72,6,3,4,0.5,1,NaN,5,3,5,1.27435493469238,2,0.722062110900879
1,72,,3,,0.8,4,NaN,5,3,5,1.50823402404785,3,1.0520601272583
1,78,,2,,0.5,1,NaN,5,3,5,0,2,1.45036888122559
1,4,,3,,0.8,3,4,4,3,4,1.18042707443237,3,0.996596813201904
1,110,,3,,0.8,4,NaN,5,3,5,1.37105512619019,2,1.33084893226624
2,22,84,2,3,0.8,2,22,4,3,1,1.5568699836731,2,1.19671297073364
1,94,,3,,0.5,3,94,3,3,1,2.16305208206177,3,1.83519697189331
1,8,,1,,0.8,4,NaN,5,3,5,1.69303297996521,3,0.485079050064087
1,82,,4,,0.5,1,NaN,5,3,5,1.17937207221985,3,0.675387859344482
2,338,352,2,4,0.8,1,NaN,5,3,5,0,2,1.22930479049683
1,106,,3,,0.8,3,106,3,3,1,2.40394496917725,3,0.955629825592041
2,76,340,3,4,0.8,2,NaN,5,3,5,0.973757982254028,NaN,0
1,110,,1,,0.5,1,110,3,3,NaN,0,2,1.33193898200989
2,4,20,3,4,0.8,2,NaN,5,3,5,1.30176281929016,2,1.82652521133423
2,84,346,1,4,0.8,1,84,2,3,3,1.50832390785217,3,0.764433860778809
2,106,352,1,3,0.5,2,NaN,5,3,2,2.25430703163147,1,1.43449902534485
1,86,,2,,0.5,4,NaN,5,3,3,0.988601922988892,2,0.629000902175903
2,68,338,2,4,0.5,3,NaN,5,3,5,1.14265513420105,3,1.32693099975586
2,102,110,3,4,0.5,3,102,3,3,2,1.73282885551453,2,0.589148998260498
1,348,,1,,0.5,1,348,1,3,NaN,0,3,0.722991943359375
1,110,,2,,0.5,2,110,3,3,4,0.780391931533813,3,0.628499984741211
2,18,94,1,3,0.8,2,NaN,5,3,5,1.5425808429718,3,0.61071515083313
2,70,100,1,4,0.8,1,70,2,3,1,1.76484298706055,2,0.909055948257446
1,70,,2,,0.8,1,NaN,5,3,3,1.56718921661377,2,0.699460029602051
1,346,,3,,0.5,4,NaN,5,3,3,1.22921705245972,3,1.06141400337219
1,356,,1,,0.8,1,356,1,3,NaN,0,2,1.28352880477905
2,342,354,3,4,0.5,4,354,1,3,3,1.89350605010986,2,1.90152406692505
2,340,98,2,3,0.5,2,340,1,3,1,2.70359897613525,3,1.4357328414917
2,108,12,2,4,0.5,4,12,4,3,4,1.37380599975586,1,0.549926996231079
2,108,350,2,3,0.8,1,NaN,5,3,5,1.04806399345398,3,0.852398872375488
2,18,8,1,3,0.5,2,NaN,5,3,5,1.44638514518738,3,0.718369007110596
2,76,108,1,3,0.5,2,NaN,5,3,4,2.6242470741272,3,1.45230388641357
2,16,340,2,3,0.5,3,340,1,3,4,1.11851692199707,NaN,0
2,84,6,1,2,0.8,4,NaN,5,3,3,1.928466796875,1,1.33266806602478
1,80,,1,,0.5,4,NaN,5,3,5,0,NaN,0
2,12,76,1,4,0.5,4,76,2,3,4,1.02476191520691,3,1.18096399307251
1,4,,2,,0.8,3,NaN,5,3,2,1.56716012954712,NaN,0
2,82,86,1,3,0.8,1,82,2,3,5,0,NaN,0
2,72,110,1,2,0.5,1,72,2,3,1,1.52731513977051,3,1.48733901977539
2,74,342,3,4,0.5,3,74,2,3,4,1.37743186950684,NaN,0
1,68,,4,,0.5,3,NaN,5,3,5,1.2637619972229,NaN,0
1,84,,1,,0.5,2,NaN,5,3,5,1.93403196334839,2,1.35001397132874
1,354,,1,,0.8,1,354,1,3,1,0.664283037185669,2,1.9360568523407
1,22,,1,,0.5,3,NaN,5,3,4,1.28570795059204,1,0.835280895233154
1,72,,3,,0.5,3,72,2,3,4,2.1408748626709,1,1.62120008468628
2,70,70,2,4,0.5,4,70,2,3,3,2.69480681419373,NaN,0
2,70,6,1,3,0.8,1,70,2,3,5,2.77314782142639,3,0.909187078475952
2,8,70,3,4,0.8,3,8,4,3,NaN,0,NaN,0
2,10,76,3,4,0.5,2,NaN,5,3,1,1.2935528755188,1,0.677356958389282
2,4,106,1,3,0.8,3,106,3,3,4,1.7994339466095,2,1.18791890144348
2,94,18,3,4,0.8,2,NaN,5,3,5,1.97391200065613,3,0.685940027236938
1,348,,2,,0.5,2,348,1,3,4,1.6957950592041,3,1.08409905433655
1,354,,4,,0.5,2,NaN,5,3,5,0,3,0.614073991775513
2,4,340,2,4,0.5,4,340,1,3,3,1.03231310844421,3,0.532708168029785
2,356,350,1,2,0.8,1,356,1,3,4,1.462397813797,3,0.830322980880737
2,4,350,2,4,0.5,3,NaN,5,3,5,1.45647501945496,3,0.957024097442627
1,346,,4,,0.5,3,NaN,5,3,5,1.11861705780029,3,0.694988012313843
1,106,,2,,0.8,3,NaN,5,3,2,2.07282400131226,2,1.55698990821838
2,94,350,1,2,0.8,4,NaN,5,3,3,1.54314589500427,3,1.00698590278625
2,68,100,2,4,0.8,3,NaN,5,3,3,2.03315901756287,2,1.14961004257202
2,354,74,1,3,0.5,1,354,1,3,5,1.75929403305054,3,0.759293794631958
2,70,4,2,4,0.8,2,70,2,3,5,1.62962508201599,1,1.98734498023987
1,350,,1,,0.8,4,NaN,5,3,3,2.13555407524109,2,1.32768893241882
1,342,,3,,0.5,3,342,1,3,1,1.90992617607117,3,1.08588886260986
2,16,106,2,3,0.5,4,NaN,5,3,3,0.783915996551514,3,0.712177991867065
1,106,,3,,0.5,4,NaN,5,3,5,2.07843208312988,3,1.22230410575867
1,346,,3,,0.5,2,NaN,5,3,1,1.4963550567627,1,0.784362077713013
1,112,,2,,0.5,2,112,3,3,2,1.28522515296936,3,1.71763706207275
1,6,,4,,0.5,1,NaN,5,3,4,1.99885201454163,3,0.711160898208618
2,86,94,1,4,0.8,1,86,2,3,3,0.893319845199585,3,1.46130108833313
2,342,352,1,4,0.8,2,NaN,5,3,5,1.68730306625366,3,1.08731412887573
2,20,72,1,2,0.5,2,72,2,3,1,1.89359402656555,3,0.637507915496826
2,106,12,1,3,0.5,2,NaN,5,3,5,1.75959181785583,3,0.807605028152466
2,8,104,2,4,0.8,3,NaN,5,3,5,1.56595897674561,3,0.757900953292847
1,354,,4,,0.8,4,354,1,3,4,0.776057958602905,3,0.719869136810303
1,350,,2,,0.5,2,350,1,3,1,2.15049290657043,3,0.798276901245117
1,108,,1,,0.8,3,NaN,5,3,5,0.928140878677368,3,0.616528987884521
1,350,,4,,0.8,4,350,1,3,1,2.62268900871277,3,0.774516105651855
2,340,110,2,3,0.8,4,NaN,5,3,5,1.86456298828125,1,0.816567897796631
2,74,106,1,3,0.5,2,NaN,5,3,5,1.38277792930603,1,1.72678399085999
2,8,8,3,4,0.8,2,NaN,5,3,3,1.87321805953979,2,0.488854169845581
1,20,,3,,0.5,4,NaN,5,3,3,2.49508309364319,1,0.887170076370239
2,68,72,2,4,0.5,3,NaN,5,3,5,1.33728504180908,2,1.36133813858032
2,102,340,2,4,0.8,2,102,3,3,5,1.81576108932495,2,0.575377941131592
1,102,,1,,0.5,4,NaN,5,3,5,1.04166197776794,3,0.521696090698242
1,16,,3,,0.5,3,16,4,3,3,2.20770215988159,3,0.615750074386597
1,12,,4,,0.8,4,12,4,3,4,1.51370215415955,3,0.742138862609863
2,104,74,2,3,0.8,4,NaN,5,3,5,1.03198099136353,3,0.768167972564697
2,356,344,3,4,0.5,2,NaN,5,3,5,1.28216195106506,3,1.51833486557007
1,102,,4,,0.8,4,102,3,3,3,2.33648085594177,3,0.952419996261597
1,350,,2,,0.5,2,350,1,3,1,1.4504280090332,3,0.710781097412109
1,74,,2,,0.5,2,74,2,3,1,0.674859046936035,1,1.43369388580322
2,104,70,2,4,0.8,2,104,3,3,3,1.73128819465637,3,0.959542989730835
2,96,346,1,4,0.8,3,NaN,5,3,5,2.24180102348328,2,1.11383104324341
1,76,,3,,0.8,4,NaN,5,3,5,1.2915370464325,NaN,0
2,104,108,1,4,0.5,3,NaN,5,3,5,1.22592902183533,1,0.977915048599243
2,82,72,2,3,0.8,1,NaN,5,3,5,1.09613394737244,1,0.960129022598267
2,70,104,1,2,0.8,1,70,2,3,3,1.98615097999573,1,1.1784610748291
2,84,20,2,3,0.8,4,NaN,5,3,5,0.796346187591553,NaN,0
1,94,,4,,0.8,3,NaN,5,3,5,1.72244787216187,1,0.914891004562378
1,72,,4,,0.8,4,72,2,3,3,1.49711894989014,3,0.673212051391602
2,110,76,1,2,0.8,3,NaN,5,3,4,1.68308591842651,2,1.32290101051331
2,96,112,1,4,0.8,2,NaN,5,3,5,1.21723580360413,3,0.809175968170166
1,354,,4,,0.5,4,354,1,3,3,1.30742120742798,NaN,0
2,344,350,1,2,0.8,4,NaN,5,3,5,1.24150800704956,3,0.545395851135254
1,106,,4,,0.5,1,NaN,5,3,3,2.00366902351379,2,1.29144287109375
1,350,,1,,0.5,1,350,1,3,1,2.37001395225525,2,1.03413796424866
1,86,,4,,0.5,1,NaN,5,3,5,1.40387105941772,3,1.1080961227417
2,94,106,3,4,0.8,3,94,3,3,3,1.51394891738892,2,1.36208891868591
2,98,96,2,3,0.8,4,NaN,5,3,5,0,3,1.27619504928589
2,108,72,3,4,0.8,3,108,3,3,4,2.09841179847717,1,1.62636303901672
1,348,,2,,0.8,4,NaN,5,3,5,0,NaN,0
1,74,,4,,0.8,4,74,2,3,NaN,0,NaN,0
1,22,,3,,0.8,3,22,4,3,4,1.20502996444702,3,0.716740846633911
2,74,16,1,4,0.5,3,NaN,5,3,5,1.20329403877258,3,0.731326103210449
2,84,70,1,2,0.8,3,NaN,5,3,5,2.34580707550049,2,1.57624506950378
2,96,10,1,2,0.8,2,10,4,3,4,2.09769701957703,2,0.974323034286499
1,96,,3,,0.5,2,NaN,5,3,5,2.1762170791626,1,0.84011697769165
1,82,,1,,0.8,2,NaN,5,3,5,1.05021810531616,3,0.582559108734131
2,104,108,1,3,0.5,2,NaN,5,3,5,1.28842401504517,3,0.992509841918945
2,102,4,2,3,0.8,3,4,4,3,5,2.89842915534973,3,0.89485502243042
2,348,68,1,2,0.8,4,NaN,5,3,4,1.90472102165222,1,0.792742013931274
2,18,20,2,3,0.8,2,18,4,3,5,1.67475605010986,NaN,0
2,22,16,2,4,0.5,1,NaN,5,3,5,0,3,1.90499496459961
2,340,14,1,3,0.8,4,NaN,5,3,5,1.15506100654602,3,0.815542936325073
1,348,,2,,0.8,3,NaN,5,3,5,1.28139996528625,3,0.713414907455444
1,354,,2,,0.5,2,354,1,3,4,1.11548686027527,3,0.983705997467041
1,344,,3,,0.8,3,344,1,3,4,1.04996204376221,1,1.64972305297852
2,348,8,1,3,0.5,1,348,1,3,1,1.60378813743591,3,0.480034112930298
1,98,,4,,0.8,4,98,3,3,4,2.89839792251587,3,1.17810106277466
1,74,,1,,0.5,1,74,2,3,4,2.97212791442871,3,1.54455399513245
1,10,,1,,0.5,1,10,4,3,4,1.61041378974915,2,0.626394987106323
1,4,,2,,0.8,2,4,4,3,5,1.22029209136963,1,0.976867914199829
1,106,,2,,0.5,2,106,3,3,2,1.85866618156433,3,0.938898086547852
1,10,,2,,0.8,2,10,4,3,4,0.636945962905884,3,0.824897050857544
1,342,,1,,0.8,1,342,1,3,5,1.48291993141174,3,1.20278882980347
2,6,98,3,4,0.5,4,98,3,3,3,2.3249728679657,NaN,0
2,22,348,1,4,0.8,4,348,1,3,5,2.99299693107605,2,0.0593869686126709
1,340,,4,,0.5,1,NaN,5,3,5,1.98124098777771,3,0.793612003326416
1,96,,2,,0.8,2,96,3,3,1,1.07170295715332,3,0.905961036682129
2,348,14,1,3,0.5,2,NaN,5,3,5,1.26743388175964,2,0.736056089401245
1,104,,3,,0.5,2,NaN,5,3,3,1.05795001983643,3,0.6978919506073
2,68,110,3,4,0.8,3,68,2,3,4,1.77609920501709,1,0.904193878173828
1,18,,4,,0.5,4,18,4,3,4,0.970142126083374,3,0.914288997650146
1,80,,1,,0.5,1,80,2,3,3,1.38428688049316,3,1.98711204528809
1,76,,1,,0.5,2,NaN,5,3,5,1.01049017906189,3,0.778539896011353
1,20,,3,,0.8,3,20,4,3,4,0.912773847579956,3,1.62513208389282
2,342,100,2,4,0.8,2,342,1,3,4,1.210862159729,3,1.13906002044678
1,84,,4,,0.8,3,NaN,5,3,5,1.24089503288269,3,0.849339008331299
2,350,72,1,2,0.8,3,NaN,5,3,5,0.947293996810913,1,0.779114961624146
1,22,,3,,0.5,2,NaN,5,3,5,1.23332285881042,2,0.777414083480835
2,6,68,3,4,0.5,1,NaN,5,3,4,2.20329403877258,2,1.99367690086365
2,20,78,1,4,0.8,4,78,2,3,3,1.43369913101196,2,0.866040945053101
1,22,,2,,0.5,2,22,4,3,5,1.47564196586609,3,0.731873035430908
2,16,338,1,2,0.5,2,338,1,3,NaN,0,NaN,0
2,14,8,1,4,0.5,3,NaN,5,3,5,1.051922082901,3,0.643983125686646
1,108,,3,,0.8,2,NaN,5,3,5,1.43436884880066,3,0.658632040023804
2,6,346,2,3,0.5,1,NaN,5,3,5,1.3804919719696,2,0.828528165817261
1,350,,4,,0.5,4,350,1,3,4,1.52251505851746,2,0.7465500831604
2,86,84,2,3,0.8,3,84,2,3,3,1.19663715362549,3,1.28456497192383
2,14,72,2,4,0.5,3,NaN,5,3,4,1.83515906333923,3,0.946915864944458
1,108,,2,,0.5,2,108,3,3,1,1.07693004608154,3,1.14897489547729
1,84,,4,,0.8,4,84,2,3,2,1.49114918708801,3,1.69139099121094
1,18,,1,,0.5,1,18,4,3,1,0.112525939941406,3,1.62485790252686
1,6,,1,,0.8,1,6,4,3,5,1.05838894844055,2,1.37465596199036
1,96,,4,,0.5,4,96,3,3,3,0.784682989120483,3,0.952632904052734
1,10,,2,,0.5,3,NaN,5,3,5,1.73894286155701,3,0.679085969924927
1,98,,1,,0.5,2,NaN,5,3,5,1.46497297286987,2,0.657029867172241
2,346,104,2,4,0.8,3,NaN,5,3,4,1.87499117851257,2,1.51931619644165
1,20,,3,,0.8,3,20,4,3,4,0.609325885772705,3,0.681670904159546
1,106,,2,,0.8,2,106,3,3,3,1.09931898117065,3,1.79979205131531
2,356,70,1,4,0.5,1,356,1,3,5,2.08967804908752,3,0.337711811065674
2,14,94,1,4,0.8,3,NaN,5,3,5,1.63574814796448,1,1.82407402992249
2,112,16,1,4,0.5,1,112,3,3,NaN,0,2,1.46615219116211
2,8,10,1,2,0.8,2,10,4,3,5,2.28393292427063,1,1.08036208152771
1,20,,4,,0.8,4,20,4,3,4,0.698548078536987,3,0.834307909011841
1,76,,3,,0.5,3,76,2,3,4,0.59638500213623,3,0.609031915664673
2,80,352,1,3,0.8,2,NaN,5,3,5,0.818748950958252,3,1.03478097915649
1,338,,3,,0.8,3,338,1,3,1,1.62888193130493,3,0.776895999908447
2,352,14,2,3,0.8,3,14,4,3,1,2.01102495193481,2,0.691220045089722
1,82,,1,,0.5,1,82,2,3,3,1.09324789047241,3,1.12153100967407
1,106,,3,,0.8,3,106,3,3,1,2.48325490951538,3,0.779488086700439
1,82,,2,,0.8,3,NaN,5,3,5,1.29321217536926,3,1.57751798629761
1,344,,1,,0.5,4,NaN,5,3,5,2.18762588500977,3,0.915519952774048
1,102,,1,,0.5,3,NaN,5,3,5,1.65352892875671,2,0.738033056259155
2,16,98,1,2,0.8,4,NaN,5,3,5,0,1,0.651996850967407
2,338,6,1,4,0.5,4,6,4,3,4,0.989886045455933,3,1.37035918235779
2,110,78,1,4,0.8,1,110,3,4,5,1.07965779304504,1,1.21536684036255
2,16,10,1,3,0.5,4,NaN,5,4,5,0,2,0.757097005844116
2,4,78,3,4,0.5,2,NaN,5,4,5,0,2,1.47577500343323
2,344,20,2,3,0.8,4,NaN,5,4,5,0,2,0.717396020889282
2,96,80,1,3,0.5,1,96,3,4,3,1.44356894493103,3,0.844000101089478
2,14,98,1,4,0.5,4,98,3,4,NaN,0,1,1.49406003952026
1,20,,2,,0.5,2,20,4,4,4,2.72802782058716,2,0.964131116867065
2,20,72,1,4,0.5,3,NaN,5,4,5,0,3,0.462317943572998
1,354,,4,,0.8,4,354,1,4,3,2.32034301757812,1,0.476718902587891
1,70,,3,,0.8,3,70,2,4,3,1.75840997695923,2,0.37455677986145
2,80,112,2,4,0.5,4,112,3,4,3,1.46881103515625,2,0.356906175613403
1,86,,4,,0.8,4,86,2,4,2,0.774810075759888,3,0.895097017288208
2,82,18,1,2,0.5,4,NaN,5,4,5,1.44087600708008,2,0.444972991943359
1,6,,2,,0.5,2,6,4,4,4,1.87100601196289,3,0.407458066940308
1,112,,3,,0.5,3,112,3,4,3,1.1172821521759,2,0.629734039306641
1,82,,4,,0.5,1,NaN,5,4,5,0,3,0.703335046768188
2,98,6,1,3,0.8,1,98,3,4,4,1.7016589641571,2,0.717951059341431
2,344,22,3,4,0.5,1,NaN,5,4,5,1.2957079410553,2,0.471689939498901
2,348,338,1,2,0.5,3,NaN,5,4,5,1.40596795082092,2,0.949978113174438
1,10,,4,,0.5,4,10,4,4,4,1.68804407119751,3,0.592015027999878
1,16,,4,,0.5,2,NaN,5,4,5,1.9103798866272,3,0.526489973068237
2,4,104,2,4,0.8,2,4,4,4,4,1.69658803939819,3,0.520296096801758
2,356,108,1,3,0.5,4,NaN,5,4,5,1.37464499473572,3,0.582802057266235
1,6,,4,,0.5,4,6,4,4,4,1.40063190460205,3,0.800756931304932
2,96,348,2,4,0.8,3,NaN,5,4,5,0.426677942276001,3,0.666501998901367
2,346,348,1,4,0.8,3,NaN,5,4,5,1.23573589324951,3,0.544456958770752
2,344,76,1,3,0.5,2,NaN,5,4,5,1.01025295257568,3,0.858268022537231
2,350,70,3,4,0.5,1,NaN,5,4,5,1.00863599777222,2,0.504451036453247
1,104,,3,,0.8,3,104,3,4,3,1.27475309371948,2,0.630654096603394
2,6,68,1,3,0.5,3,68,2,4,2,0.852436065673828,2,0.816756010055542
1,70,,2,,0.5,4,NaN,5,4,5,1.28269410133362,2,1.49883699417114
1,80,,4,,0.8,4,80,2,4,3,0.817147970199585,3,0.553440809249878
1,112,,4,,0.5,3,NaN,5,4,5,1.2431800365448,2,0.675129890441895
1,356,,4,,0.5,4,356,1,4,4,1.94535613059998,2,0.529783964157104
2,350,74,1,2,0.8,2,74,2,4,2,1.89149904251099,2,1.41966891288757
2,12,70,2,3,0.8,1,NaN,5,4,5,1.04185891151428,2,0.72992205619812
2,18,80,1,4,0.8,1,18,4,4,1,2.21979784965515,1,0.707834005355835
2,80,98,3,4,0.8,4,98,3,4,2,1.67394590377808,1,0.626022815704346
1,84,,3,,0.8,3,84,2,4,3,1.28397583961487,1,0.444090843200684
2,346,344,1,4,0.8,4,344,1,4,1,1.9065408706665,2,0.682451009750366
2,18,10,1,2,0.8,1,18,4,4,1,2.07641792297363,1,0.94853401184082
1,74,,4,,0.5,2,NaN,5,4,5,1.21059608459473,2,0.450635194778442
1,86,,1,,0.5,1,86,2,4,3,1.68461513519287,2,0.444592952728271
2,100,346,1,3,0.8,2,NaN,5,4,5,1.20288705825806,2,0.411001920700073
2,14,112,2,4,0.5,3,NaN,5,4,5,1.13315606117249,2,0.693022012710571
2,350,96,1,3,0.8,1,350,1,4,1,1.27567100524902,1,0.515429973602295
2,110,22,3,4,0.5,2,NaN,5,4,5,0.869297027587891,2,0.493384122848511
2,82,6,1,3,0.8,3,6,4,4,4,2.14764499664307,1,0.395757913589478
1,70,,4,,0.8,3,NaN,5,4,5,0.413232803344727,3,0.359073877334595
1,112,,4,,0.8,1,NaN,5,4,5,0,2,0.50452995300293
1,12,,1,,0.5,3,NaN,5,4,5,0,3,0.630834102630615
1,22,,4,,0.8,4,22,4,4,4,1.1767361164093,2,0.693033933639526
2,72,76,1,2,0.8,1,72,2,4,3,2.19915318489075,1,1.43911194801331
1,18,,1,,0.8,3,NaN,5,4,5,1.02522706985474,3,0.649275064468384
2,20,340,2,3,0.5,3,340,1,4,1,1.74337601661682,1,0.599555969238281
2,86,78,1,3,0.8,2,NaN,5,4,5,0.92155909538269,2,0.998076915740967
1,84,,1,,0.8,1,84,2,4,1,1.35185503959656,1,0.560105800628662
2,86,356,1,4,0.5,2,NaN,5,4,5,1.26570987701416,1,1.45409107208252
1,8,,3,,0.8,4,NaN,5,4,5,1.27998995780945,2,1.65612101554871
2,6,352,1,3,0.8,3,352,1,4,1,2.09013080596924,2,0.454232931137085
1,354,,1,,0.8,1,354,1,4,1,1.12840104103088,1,0.800339221954346
1,354,,4,,0.5,4,354,1,4,1,1.02664589881897,2,1.21478796005249
2,10,344,2,4,0.5,2,10,4,4,5,2.86504912376404,1,1.08097195625305
2,96,338,3,4,0.5,3,96,3,4,2,2.09066200256348,1,0.59906005859375
2,82,86,1,4,0.8,2,NaN,5,4,5,0.825003147125244,3,0.561271905899048
2,18,342,1,4,0.8,3,NaN,5,4,5,1.34711289405823,2,0.543346881866455
1,356,,3,,0.8,2,NaN,5,4,5,1.32921886444092,2,0.905450105667114
2,10,22,2,4,0.5,3,NaN,5,4,5,0,2,0.775974988937378
2,8,338,1,2,0.5,4,NaN,5,4,5,0,2,0.689711093902588
2,96,100,1,3,0.5,2,NaN,5,4,5,1.39560294151306,2,1.53617286682129
1,14,,3,,0.5,3,14,4,4,4,1.52192306518555,3,0.602144956588745
2,94,76,2,4,0.5,2,94,3,4,3,1.05230188369751,2,0.488204002380371
1,112,,1,,0.5,1,112,3,4,3,0.0357110500335693,2,0.441746950149536
1,338,,2,,0.5,2,338,1,4,1,1.25134110450745,3,0.367601871490479
1,340,,1,,0.8,2,NaN,5,4,5,0,2,1.32160782814026
2,102,86,2,3,0.8,4,NaN,5,4,5,0.87566614151001,2,1.35195589065552
1,70,,2,,0.8,1,NaN,5,4,5,1.24191117286682,3,1.53810000419617
2,108,74,1,4,0.8,4,74,2,4,2,2.5160710811615,3,1.13621616363525
1,110,,3,,0.8,2,NaN,5,4,5,1.04227995872498,3,0.858258008956909
2,72,6,1,3,0.8,4,NaN,5,4,5,0.844156980514526,3,0.968638896942139
1,74,,1,,0.5,1,74,2,4,2,0.938774824142456,3,0.594570875167847
1,8,,2,,0.5,2,8,4,4,1,2.02509498596191,1,0.576809167861938
1,94,,3,,0.8,2,NaN,5,4,5,0.882731914520264,2,0.395125150680542
1,346,,3,,0.8,2,NaN,5,4,5,1.79335784912109,3,0.53715991973877
1,96,,1,,0.8,2,NaN,5,4,5,1.16340398788452,3,1.1713879108429
2,18,344,3,4,0.8,1,NaN,5,4,5,1.48153710365295,2,0.561444997787476
1,354,,3,,0.5,1,NaN,5,4,5,1.45961713790894,2,1.08368611335754
1,86,,4,,0.5,1,NaN,5,4,5,0,3,0.746056079864502
1,356,,3,,0.5,1,NaN,5,4,5,1.13215589523315,2,0.420154094696045
1,72,,3,,0.5,1,NaN,5,4,5,1.08214092254639,2,0.466221809387207
2,110,104,1,2,0.5,1,110,3,4,1,2.56454300880432,1,0.876253843307495
1,16,,2,,0.5,2,16,4,4,4,2.32248187065125,2,1.0827009677887
2,14,14,2,4,0.8,2,14,4,4,4,1.40456199645996,2,0.420586109161377
1,106,,3,,0.5,1,NaN,5,4,5,0.682816982269287,3,0.418972969055176
2,344,348,1,2,0.8,2,348,1,4,4,2.16504597663879,1,0.525033950805664
2,106,16,2,4,0.8,4,16,4,4,4,1.26747488975525,2,0.443449020385742
2,96,348,2,3,0.5,1,NaN,5,4,5,0.380630016326904,2,0.565932035446167
1,76,,2,,0.8,4,NaN,5,4,5,0,2,1.71942806243896
1,22,,2,,0.5,4,NaN,5,4,5,0.813894987106323,2,0.277857065200806
1,10,,3,,0.5,1,NaN,5,4,5,0.903861999511719,3,1.23194909095764
1,96,,2,,0.8,4,NaN,5,4,5,0,2,1.90203595161438
1,352,,1,,0.8,1,352,1,4,1,2.11243605613708,2,0.652374982833862
2,96,344,2,3,0.5,2,96,3,4,3,1.3264319896698,2,0.390648126602173
1,344,,1,,0.8,1,344,1,4,1,1.11272311210632,2,0.38475513458252
1,352,,4,,0.8,4,352,1,4,1,1.30278897285461,2,0.430856943130493
2,72,22,2,3,0.8,3,22,4,4,3,1.76072096824646,1,0.456833124160767
1,100,,2,,0.5,1,NaN,5,4,5,0,2,0.407280206680298
1,14,,4,,0.5,4,14,4,4,4,1.14510583877563,3,0.401064872741699
2,22,96,1,4,0.5,4,96,3,4,3,1.94333505630493,1,1.5674569606781
1,86,,1,,0.5,1,86,2,4,3,1.24958395957947,1,0.489516019821167
1,84,,2,,0.8,3,NaN,5,4,5,0.975568056106567,3,0.408180952072144
1,338,,1,,0.8,1,338,1,4,1,1.64192008972168,3,0.454185009002686
1,80,,4,,0.8,4,80,2,4,3,0.599928855895996,1,0.432078123092651
2,350,80,1,2,0.5,2,80,2,4,3,1.10602211952209,1,0.382308006286621
2,112,68,2,4,0.8,3,NaN,5,4,5,1.05614399909973,3,0.552349090576172
2,346,70,2,4,0.8,2,346,1,4,1,1.29046010971069,3,0.598818063735962
2,86,106,2,3,0.5,2,86,2,4,2,2.28059506416321,2,0.57677698135376
1,338,,1,,0.5,1,338,1,4,1,1.44289588928223,3,0.62290096282959
2,22,20,1,3,0.5,3,20,4,4,4,2.38525485992432,2,0.633197069168091
1,72,,1,,0.8,1,72,2,4,2,0.939188003540039,2,1.07932209968567
1,20,,3,,0.8,4,NaN,5,4,5,0.474946022033691,3,0.372000932693481
1,72,,2,,0.8,4,NaN,5,4,5,0.973169088363647,2,0.38935399055481
1,354,,2,,0.5,3,NaN,5,4,5,0.823414087295532,3,0.403673887252808
2,108,70,1,2,0.8,3,NaN,5,4,5,0,2,1.3898720741272
2,354,110,3,4,0.8,4,110,3,4,3,1.39168787002563,2,0.651999950408936
2,14,110,2,3,0.8,2,14,4,4,4,2.31788492202759,2,1.70196509361267
1,350,,3,,0.5,2,NaN,5,4,5,1.19202303886414,3,1.58843898773193
1,70,,3,,0.8,3,70,2,4,2,0.678477048873901,2,1.43832087516785
2,8,78,2,3,0.8,4,NaN,5,4,5,1.07659292221069,2,0.988963842391968
2,106,96,1,4,0.5,2,NaN,5,4,5,0,2,1.2546398639679
2,12,18,1,3,0.5,2,NaN,5,4,5,1.0370569229126,2,0.884926795959473
1,96,,2,,0.5,2,96,3,4,3,0.918914079666138,2,0.383227109909058
2,4,14,1,4,0.8,1,4,4,4,4,1.87746620178223,2,0.621433019638062
2,72,86,1,3,0.8,2,NaN,5,4,5,0.959642171859741,3,0.423314094543457
2,344,74,2,4,0.8,3,NaN,5,4,5,0,2,1.02983903884888
2,8,352,3,4,0.5,2,NaN,5,4,5,0,3,0.351691007614136
2,352,18,3,4,0.5,1,NaN,5,4,5,0.949837923049927,2,0.349896907806396
2,110,344,2,4,0.8,4,344,1,4,1,2.03197479248047,2,1.07995891571045
1,340,,1,,0.5,4,NaN,5,4,5,0,2,1.14228105545044
1,104,,4,,0.5,2,NaN,5,4,5,0,3,0.51233696937561
2,68,98,2,4,0.8,4,98,3,4,3,0.710549831390381,2,0.894618988037109
1,86,,1,,0.5,1,86,2,4,2,0.848991870880127,1,0.8406081199646
2,12,76,1,2,0.5,1,12,4,4,4,1.63099598884583,3,1.57495594024658
2,68,86,3,4,0.5,3,68,2,4,4,1.78488993644714,1,0.464974880218506
1,96,,4,,0.8,1,NaN,5,4,5,0,3,1.30142092704773
2,8,80,3,4,0.5,2,NaN,5,4,5,0,3,0.391128063201904
1,102,,3,,0.5,3,102,3,4,3,1.10120892524719,3,0.341145992279053
2,354,110,1,2,0.5,2,110,3,4,3,1.17522406578064,1,0.431229114532471
1,22,,3,,0.5,4,NaN,5,4,5,1.10934901237488,2,0.65354585647583
2,94,110,1,2,0.8,3,NaN,5,4,5,0,2,0.519428014755249
1,86,,1,,0.8,2,NaN,5,4,5,0.733711004257202,2,0.517828941345215
1,106,,2,,0.5,2,106,3,4,3,1.67181706428528,2,0.432003021240234
1,86,,2,,0.5,2,86,2,4,2,1.60650682449341,2,0.382410049438477
2,106,344,1,4,0.8,3,NaN,5,4,5,2.38435292243958,2,0.488492965698242
2,8,340,2,3,0.8,1,NaN,5,4,5,0,2,0.79042911529541
1,20,,3,,0.5,1,NaN,5,4,5,0,2,1.45650601387024
2,86,80,3,4,0.5,1,NaN,5,4,5,0,2,1.05476498603821
2,104,106,2,3,0.8,3,106,3,4,3,1.48905777931213,2,0.745021104812622
1,8,,3,,0.8,2,NaN,5,4,5,0,2,0.791398048400879
1,110,,3,,0.5,3,110,3,4,3,0.489109992980957,2,0.785102128982544
2,84,10,3,4,0.5,3,84,2,4,3,0.951717138290405,1,0.543504953384399
2,84,342,2,3,0.5,3,342,1,4,1,1.76142621040344,3,0.921141862869263
2,346,338,2,3,0.8,2,346,1,4,5,2.71981692314148,1,0.983694076538086
2,106,100,3,4,0.5,1,NaN,5,4,5,1.30582904815674,2,0.465703010559082
2,104,16,1,4,0.5,2,NaN,5,4,5,0.983971118927002,3,0.352010011672974
1,356,,1,,0.8,1,356,1,4,4,1.92249584197998,1,0.442359924316406
1,112,,1,,0.8,1,112,3,4,3,0.84867000579834,2,0.568510055541992
1,6,,4,,0.8,1,NaN,5,4,5,0,2,0.646718978881836
1,352,,4,,0.8,4,352,1,4,1,0.0414969921112061,2,1.72174406051636
2,84,4,1,2,0.5,3,NaN,5,4,5,0.851373910903931,2,1.35992813110352
2,6,8,2,4,0.8,4,8,4,4,1,2.99297213554382,1,1.46579313278198
1,108,,3,,0.8,3,108,3,4,3,0.571674823760986,3,0.600059986114502
2,356,84,2,3,0.8,1,NaN,5,4,5,0,3,0.658163070678711
1,8,,1,,0.5,1,8,4,4,4,0.78812313079834,3,0.912405014038086
1,78,,4,,0.8,4,78,2,4,2,1.20236682891846,3,0.458468914031982
1,342,,1,,0.8,2,NaN,5,4,5,0,3,0.696792125701904
1,4,,4,,0.5,1,NaN,5,4,5,1.4667501449585,3,1.13868498802185
1,14,,2,,0.8,3,NaN,5,4,5,1.09709095954895,3,1.12095093727112
1,8,,2,,0.5,2,8,4,4,4,1.37910223007202,3,0.347063064575195
1,18,,2,,0.5,2,18,4,4,4,2.24139308929443,3,0.617588043212891
1,112,,2,,0.8,2,112,3,4,3,1.9633162021637,3,0.387526035308838
1,112,,2,,0.5,2,112,3,4,3,1.04959917068481,3,0.657629013061523
2,98,16,3,4,0.8,2,NaN,5,4,5,1.42766094207764,3,0.827862977981567
1,108,,1,,0.5,2,NaN,5,4,5,0,2,0.889918088912964
2,94,340,1,2,0.8,1,94,3,4,3,1.53224897384644,1,0.388225793838501
2,102,18,1,4,0.8,2,NaN,5,4,5,0,2,0.386434078216553
1,108,,1,,0.8,3,NaN,5,4,5,0.836225032806396,2,0.460482120513916
2,86,356,1,2,0.5,1,86,2,4,3,1.33059787750244,2,1.06660294532776
2,80,112,2,3,0.8,1,NaN,5,4,5,0.748525857925415,2,0.516777992248535
2,108,346,2,4,0.5,3,NaN,5,4,5,1.01870203018188,2,0.419152975082397
1,338,,2,,0.8,3,NaN,5,4,5,0.94892406463623,2,0.653244972229004
1,352,,2,,0.5,1,NaN,5,4,5,1.13926482200623,1,0.347125053405762
1,346,,4,,0.5,2,NaN,5,5,5,0,3,1.54559111595154
1,84,,3,,0.5,1,NaN,5,5,5,0,3,0.671032190322876
1,98,,2,,0.8,2,98,3,5,3,1.84114789962769,3,0.621722936630249
1,84,,4,,0.8,1,NaN,5,5,5,0.763556003570557,3,0.535778999328613
1,22,,2,,0.8,1,NaN,5,5,5,0.809484958648682,3,0.501796007156372
1,350,,3,,0.8,3,350,1,5,1,1.11219501495361,3,0.703879833221436
2,110,86,3,4,0.5,1,NaN,5,5,5,0.930082082748413,3,0.538125038146973
2,340,106,1,4,0.5,4,106,3,5,5,2.9762020111084,NaN,0
2,344,344,1,3,0.5,1,344,1,5,NaN,0,1,1.92230319976807
1,346,,3,,0.8,1,NaN,5,5,5,0.856557130813599,3,0.496685981750488
2,72,108,2,3,0.8,2,72,2,5,2,2.01872205734253,3,0.938760042190552
2,110,100,2,4,0.5,1,NaN,5,5,5,0,3,0.488976001739502
2,100,104,1,4,0.8,3,NaN,5,5,5,0.747277975082397,3,0.467095851898193
1,112,,3,,0.8,3,112,3,5,3,1.80142593383789,3,0.545569896697998
1,106,,2,,0.5,2,106,3,5,3,0.563775062561035,2,0.619693994522095
1,4,,4,,0.5,4,4,4,5,4,0.529966115951538,3,0.505855798721313
1,18,,3,,0.8,2,NaN,5,5,5,1.13184809684753,3,0.772078037261963
1,110,,1,,0.8,3,NaN,5,5,5,0,3,0.450138807296753
1,106,,1,,0.5,3,NaN,5,5,5,0.692250967025757,3,0.444261074066162
1,20,,1,,0.5,1,20,4,5,4,0.562595129013062,3,0.570580959320068
1,108,,2,,0.5,3,NaN,5,5,5,0,3,0.692620992660522
1,342,,3,,0.8,3,342,1,5,1,0.682964086532593,3,0.498818159103394
2,68,112,2,3,0.5,3,112,3,5,3,1.74913811683655,2,0.86107611656189
1,82,,4,,0.8,1,NaN,5,5,5,0,3,0.699192047119141
1,346,,4,,0.8,4,346,1,5,1,0.099459171295166,3,0.811927080154419
2,106,112,1,2,0.5,3,NaN,5,5,5,0.841702938079834,3,0.481765985488892
2,354,344,2,4,0.8,1,NaN,5,5,5,0.851614952087402,3,0.491680860519409
2,20,20,1,2,0.8,3,NaN,5,5,5,0,3,0.505838871002197
1,14,,1,,0.5,1,14,4,5,4,0.603982210159302,3,0.867983102798462
2,348,352,1,4,0.5,4,352,1,5,4,1.93045616149902,2,0.802206993103027
1,350,,3,,0.5,2,NaN,5,5,5,0.772549152374268,3,0.460657835006714
2,72,104,1,2,0.5,4,NaN,5,5,5,0,3,0.41062593460083
2,112,104,2,4,0.5,2,112,3,5,3,1.78862714767456,3,0.51661205291748
1,22,,4,,0.5,1,NaN,5,5,5,0,3,0.419355869293213
1,104,,3,,0.8,2,NaN,5,5,5,0.917325973510742,3,0.577495098114014
1,94,,4,,0.5,4,94,3,5,3,0.547671794891357,3,0.539541006088257
2,106,18,1,4,0.8,2,NaN,5,5,5,0,3,0.506002902984619
1,346,,4,,0.8,4,346,1,5,1,0.587831020355225,3,0.564134120941162
2,68,348,1,3,0.5,4,NaN,5,5,5,0.902161121368408,3,0.626388072967529
1,18,,2,,0.5,2,18,4,5,4,0.756204843521118,3,0.524191856384277
2,350,104,1,3,0.8,3,104,3,5,1,1.90251898765564,2,1.08272004127502
2,338,102,2,3,0.5,1,NaN,5,5,5,0,3,0.500509977340698
2,108,342,2,4,0.8,2,108,3,5,3,1.62262678146362,2,1.3629150390625
1,98,,2,,0.5,2,98,3,5,3,0.757001876831055,3,0.892987966537476
1,340,,4,,0.8,2,NaN,5,5,5,0,3,0.651489973068237
1,106,,3,,0.5,2,NaN,5,5,5,0.797173023223877,3,0.645564079284668
2,76,94,1,3,0.5,1,76,2,5,2,1.83127498626709,2,0.835553169250488
2,6,338,1,3,0.5,4,NaN,5,5,5,0,3,0.477887153625488
1,80,,4,,0.5,3,NaN,5,5,5,0.533455848693848,2,0.573470830917358
1,78,,4,,0.5,1,NaN,5,5,5,0.779238939285278,3,0.482959032058716
1,356,,1,,0.8,1,356,1,5,1,0.564963817596436,3,0.529304981231689
1,350,,2,,0.8,3,NaN,5,5,5,0,3,1.08360290527344
1,70,,3,,0.8,4,NaN,5,5,5,0.653594970703125,3,0.745787143707275
1,20,,3,,0.8,1,NaN,5,5,5,0,3,0.596053123474121
2,18,4,2,3,0.5,1,NaN,5,5,5,0,3,0.530076026916504
2,98,12,1,2,0.5,4,NaN,5,5,5,0.804076910018921,3,0.460263013839722
2,94,8,3,4,0.8,4,8,4,5,4,1.29419112205505,3,0.442461013793945
1,100,,3,,0.8,3,100,3,5,3,0.588411092758179,3,1.54060411453247
2,104,10,3,4,0.5,4,10,4,5,4,1.46254897117615,3,0.594810962677002
1,22,,2,,0.8,1,NaN,5,5,5,0,3,0.732914924621582
1,16,,1,,0.8,1,16,4,5,4,0.703387975692749,3,0.747471809387207
1,10,,1,,0.8,3,NaN,5,5,5,0,3,0.533447980880737
2,6,18,3,4,0.5,4,18,4,5,4,1.27138590812683,3,0.515648126602173
1,346,,3,,0.5,3,346,1,5,1,0.933981895446777,3,0.494009971618652
2,102,70,2,4,0.8,1,NaN,5,5,5,0.639656066894531,3,0.587952852249146
2,112,70,1,4,0.5,2,NaN,5,5,1,1.5499370098114,3,0.534250020980835
2,342,102,1,3,0.8,3,102,3,5,2,1.59212708473206,3,0.708277940750122
2,68,18,3,4,0.8,3,68,2,5,2,1.27046012878418,3,0.558570146560669
1,354,,3,,0.8,3,354,1,5,1,0.544546842575073,3,0.588866233825684
2,352,96,1,4,0.8,2,NaN,5,5,5,0.815048933029175,3,0.550695896148682
1,356,,3,,0.8,3,356,1,5,1,0.584896087646484,3,0.7570960521698
1,12,,4,,0.8,2,NaN,5,5,5,0,3,0.783256053924561
1,352,,3,,0.8,3,352,1,5,1,0.0880920886993408,3,0.66424298286438
1,112,,2,,0.5,3,NaN,5,5,5,0.73758602142334,3,0.493921995162964
2,96,6,2,4,0.8,4,6,4,5,4,1.31188797950745,2,0.551848173141479
2,102,342,2,3,0.5,4,NaN,5,5,5,0.842038869857788,3,1.30250215530396
2,16,100,1,2,0.8,3,NaN,5,5,5,0.760562896728516,3,0.65657901763916
1,80,,1,,0.5,2,NaN,5,5,5,0.850611925125122,3,0.479022026062012
1,80,,3,,0.8,2,NaN,5,5,5,0,3,0.520936965942383
2,112,18,1,3,0.8,3,18,4,5,4,1.4031069278717,3,0.486967086791992
2,340,110,1,3,0.5,3,110,3,5,4,1.17712187767029,3,0.49704909324646
1,76,,2,,0.8,2,76,2,5,2,0.627080202102661,3,0.751564025878906
2,344,82,1,2,0.8,1,344,1,5,1,1.40955090522766,3,0.585577011108398
2,16,82,3,4,0.8,2,NaN,5,5,5,1.0354950428009,3,0.759776830673218
1,348,,4,,0.5,1,NaN,5,5,5,0,3,0.657783031463623
2,20,348,1,2,0.5,3,NaN,5,5,5,0.643903017044067,3,0.528526067733765
1,104,,1,,0.8,3,NaN,5,5,5,0.802183866500854,3,0.746432065963745
1,346,,2,,0.5,1,NaN,5,5,5,0.716315031051636,3,0.584537029266357
1,68,,3,,0.5,3,68,2,5,2,0.570659875869751,3,0.562617063522339
2,346,18,1,4,0.8,4,18,4,5,4,1.5727379322052,3,0.720800876617432
2,112,72,2,3,0.8,4,NaN,5,5,5,0.899112939834595,3,0.635358810424805
2,344,78,2,4,0.5,4,78,2,5,2,1.45314908027649,2,1.49740314483643
2,356,96,2,4,0.5,4,96,3,5,3,1.46741390228271,3,0.595266103744507
2,82,8,2,4,0.5,3,NaN,5,5,5,0.901352882385254,3,0.497857809066772
1,80,,1,,0.5,1,80,2,5,2,0.579900979995728,3,0.843852043151855
1,4,,4,,0.5,1,NaN,5,5,5,1.08989596366882,3,0.697945117950439
2,350,20,2,3,0.5,1,NaN,5,5,5,0.216793060302734,3,0.532772064208984
2,10,8,1,2,0.5,1,10,4,5,4,1.56635308265686,2,0.458532094955444
2,356,340,1,4,0.5,2,NaN,5,5,5,0.652644872665405,3,0.628500938415527
1,352,,3,,0.5,3,352,1,5,1,0.854873895645142,3,0.606667041778564
1,78,,4,,0.8,1,NaN,5,5,5,0.868929147720337,3,0.636991024017334
1,80,,1,,0.5,4,NaN,5,5,5,0.798995018005371,3,0.50333309173584
1,6,,4,,0.8,2,NaN,5,5,5,0,3,1.0772819519043
1,68,,1,,0.5,4,NaN,5,5,5,0.823564052581787,3,0.559437990188599
2,98,82,1,4,0.8,3,NaN,5,5,5,0.725709199905396,3,0.525673151016235
2,108,8,1,3,0.8,3,8,4,5,4,1.2961368560791,3,0.50385308265686
1,94,,4,,0.5,1,NaN,5,5,5,0.638203144073486,3,0.550079822540283
2,70,70,3,4,0.5,3,70,2,5,2,1.84820699691772,2,0.70459508895874
2,106,350,1,2,0.8,1,106,3,5,3,1.65453791618347,3,0.446624994277954
1,110,,3,,0.5,2,NaN,5,5,5,0.704726934432983,3,0.680583953857422
1,108,,1,,0.8,1,108,3,5,3,0.847216129302979,3,1.15915083885193
2,74,22,1,4,0.5,1,74,2,5,3,1.20894002914429,2,0.517149925231934
2,346,78,3,4,0.8,3,346,1,5,1,1.28731107711792,3,0.479340076446533
1,100,,4,,0.5,4,100,3,5,3,0.545373916625977,3,0.56925106048584
2,350,86,2,3,0.5,3,86,2,5,2,1.80782198905945,3,0.727544069290161
2,344,68,2,3,0.5,1,NaN,5,5,5,1.00162982940674,3,0.36983585357666
1,8,,3,,0.8,2,NaN,5,5,5,1.03223490715027,3,0.944210052490234
2,104,100,3,4,0.8,4,100,3,5,1,2.57807803153992,1,0.766620874404907
1,340,,2,,0.8,3,NaN,5,5,5,0.768496036529541,3,1.06442999839783
2,344,22,2,3,0.8,2,344,1,5,1,1.2427020072937,2,0.902923822402954
2,94,94,1,2,0.8,4,NaN,5,5,5,0.272845983505249,3,0.542840957641602
1,10,,1,,0.8,2,NaN,5,5,5,0.764617919921875,3,0.804527997970581
2,10,342,1,3,0.8,3,342,1,5,1,1.89470601081848,3,0.610908031463623
1,16,,1,,0.8,1,16,4,5,4,0.789331197738647,2,0.509014129638672
2,68,12,2,3,0.5,2,68,2,5,1,1.1991810798645,2,0.47549295425415
1,112,,4,,0.8,2,NaN,5,5,5,0.829686880111694,3,0.725600004196167
2,74,344,2,4,0.5,3,NaN,5,5,5,0.935795068740845,3,0.467741012573242
1,12,,1,,0.5,1,12,4,5,4,0.83781099319458,3,0.973840951919556
1,102,,2,,0.8,1,NaN,5,5,5,0.751758813858032,3,0.524001836776733
1,76,,4,,0.8,4,76,2,5,2,0.622164964675903,3,0.742227077484131
2,86,80,3,4,0.8,3,86,2,5,2,1.5761730670929,2,0.452563047409058
2,342,350,2,3,0.5,1,NaN,5,5,5,0.966601848602295,3,0.670873880386353
1,76,,2,,0.5,2,76,2,5,2,0.560617923736572,3,1.42099404335022
2,98,70,1,3,0.5,3,70,2,5,2,1.31098389625549,2,0.455244779586792
2,72,16,3,4,0.5,3,72,2,5,2,1.12909483909607,3,0.469370126724243
1,94,,4,,0.8,2,NaN,5,5,5,0.743238925933838,3,0.559694051742554
2,82,10,2,3,0.5,3,10,4,5,4,1.47764611244202,3,0.79771089553833
1,4,,1,,0.8,1,4,4,5,4,1.37572193145752,3,0.455940008163452
2,110,110,1,3,0.5,2,NaN,5,5,5,0,3,0.550111055374146
2,354,76,2,3,0.8,4,NaN,5,5,5,0,3,0.560310840606689
2,12,82,3,4,0.5,2,NaN,5,5,5,0.838491916656494,3,0.622490882873535
2,98,68,2,4,0.5,2,98,3,5,2,2.12866997718811,2,0.616498947143555
2,348,98,1,4,0.8,4,98,3,5,2,1.24698209762573,2,0.487028121948242
1,78,,2,,0.5,3,NaN,5,5,5,0.761089086532593,3,0.544801950454712
1,22,,2,,0.8,1,NaN,5,5,5,0.295485973358154,3,0.526891946792603
2,12,84,2,4,0.5,2,12,4,5,4,1.19651699066162,3,0.440857172012329
2,354,350,3,4,0.5,1,NaN,5,5,5,0,3,0.5470290184021
1,342,,4,,0.5,4,342,1,5,1,1.07701897621155,3,0.60527777671814
2,8,100,2,4,0.8,3,NaN,5,5,5,0.799209117889404,3,0.571435928344727
1,342,,1,,0.5,2,NaN,5,5,5,0.765421152114868,3,0.581517934799194
1,94,,2,,0.5,3,NaN,5,5,5,0.727779865264893,3,0.548069953918457
1,84,,2,,0.5,3,NaN,5,5,5,0.837885856628418,3,0.478067874908447
1,10,,2,,0.5,2,10,4,5,4,1.75991082191467,3,0.828188896179199
1,8,,1,,0.8,4,NaN,5,5,5,0.942475080490112,3,0.470215082168579
2,108,22,1,4,0.8,4,22,4,5,3,1.30429697036743,3,0.500514984130859
1,8,,2,,0.8,2,8,4,5,4,0.774589776992798,3,0.782928943634033
2,342,342,3,4,0.5,3,342,1,5,1,1.48885989189148,2,0.637350797653198
2,6,110,1,2,0.8,3,NaN,5,5,5,0.927099943161011,3,0.487082004547119
1,104,,1,,0.5,1,104,3,5,3,1.37330985069275,2,0.565464973449707
2,112,84,1,4,0.5,4,84,2,5,2,1.15961694717407,3,0.479330062866211
2,102,354,1,2,0.8,4,NaN,5,5,5,0.837602853775024,3,0.654070138931274
1,6,,2,,0.8,3,NaN,5,5,5,0.959605932235718,3,0.551931142807007
1,106,,1,,0.5,1,106,3,5,3,0.878285884857178,3,0.646070957183838
2,348,350,1,3,0.5,4,NaN,5,5,5,0.888216972351074,3,0.528069019317627
2,14,18,2,4,0.8,4,18,4,5,4,1.83054304122925,2,0.478644132614136
2,8,14,1,4,0.8,4,14,4,5,4,2.11243987083435,2,0.45672607421875
1,80,,2,,0.8,2,80,2,5,2,0.59075403213501,3,0.534827947616577
2,356,68,3,4,0.5,3,356,1,5,1,1.46486401557922,2,0.576896905899048
1,8,,1,,0.5,1,8,4,5,4,0.0270700454711914,3,0.455557107925415
1,104,,1,,0.8,1,104,3,5,3,0.544976949691772,3,0.429230213165283
2,344,12,3,4,0.8,1,NaN,5,5,5,1.18347787857056,3,0.56763482093811
1,8,,4,,0.8,3,NaN,5,5,5,0,3,0.518028020858765
2,96,4,1,4,0.5,1,96,3,5,3,2.26406216621399,1,1.02412581443787
2,4,20,2,4,0.8,2,4,4,5,4,2.00192189216614,2,0.50999116897583
1,342,,2,,0.5,1,NaN,5,5,5,0.928203821182251,3,0.456289768218994
2,102,342,1,2,0.5,3,NaN,5,5,5,0,3,0.614479064941406
2,76,108,2,3,0.8,1,NaN,5,5,5,0,3,0.496446132659912
1,84,,1,,0.8,1,84,2,5,2,0.674658060073853,3,1.23083019256592
1,104,,3,,0.5,2,NaN,5,5,5,0.865108013153076,3,0.760948896408081
2,6,74,1,3,0.8,2,NaN,5,5,5,0.922930002212524,3,0.663385152816772
2,354,74,1,4,0.5,4,74,2,5,2,1.49749994277954,3,1.12141919136047
2,94,338,2,3,0.8,3,338,1,5,1,1.89168500900269,3,0.751725912094116
2,76,112,1,2,0.8,4,NaN,5,5,5,0,3,0.553717136383057
2,338,8,1,2,0.8,1,338,1,5,5,0.715797185897827,2,0.520344018936157
2,70,356,1,3,0.5,3,356,1,5,1,1.81827211380005,3,0.642087936401367
2,18,82,1,2,0.5,1,18,4,5,1,1.60404586791992,3,0.480394840240479
1,80,,3,,0.8,3,80,2,5,2,0.658308029174805,3,0.746511936187744
1,8,,2,,0.5,3,NaN,5,5,5,0,3,0.440803050994873
2,354,350,2,4,0.5,1,NaN,5,5,5,0.762701988220215,3,0.434914112091064
1,94,,3,,0.8,3,94,3,5,3,0.692956924438477,3,0.64107608795166
2,68,68,1,3,0.8,1,68,2,5,3,1.44309401512146,3,0.571236133575439
1,68,,4,,0.8,4,68,2,5,2,0.95718789100647,2,0.521466016769409
1,86,,4,,0.8,3,NaN,5,6,5,0.746062040328979,3,0.82746696472168
1,12,,2,,0.8,3,NaN,5,6,5,0.937100887298584,3,0.433330059051514
1,110,,1,,0.8,1,110,3,6,3,1.34736204147339,3,0.415202856063843
2,8,6,2,4,0.5,3,NaN,5,6,2,1.02554702758789,3,0.537280082702637
2,100,72,1,4,0.5,3,NaN,5,6,5,1.01933789253235,3,0.407541990280151
2,12,74,1,2,0.5,4,NaN,5,6,5,0,3,0.513715028762817
2,104,102,1,3,0.5,3,102,3,6,3,1.25178503990173,2,0.411785840988159
1,338,,1,,0.8,1,338,1,6,5,2.97800779342651,1,1.11402106285095
2,94,346,2,4,0.8,3,NaN,5,6,5,1.03630185127258,3,0.38818883895874
2,72,10,3,4,0.8,1,NaN,5,6,5,1.306480884552,2,0.37062406539917
2,20,8,3,4,0.8,3,20,4,6,4,2.1485390663147,2,0.556466102600098
1,354,,2,,0.8,2,354,1,6,5,2.80284595489502,1,0.602988958358765
1,94,,4,,0.5,1,NaN,5,6,5,2.02900910377502,1,0.341057062149048
1,352,,2,,0.8,1,NaN,5,6,5,2.82720994949341,NaN,0
1,102,,4,,0.8,4,102,3,6,3,1.60523104667664,3,0.381241798400879
2,74,340,2,4,0.8,2,74,2,6,2,1.77939319610596,3,1.3073890209198
1,18,,1,,0.8,3,NaN,5,6,5,2.99495482444763,3,0.00539207458496094
2,72,354,1,4,0.5,2,NaN,5,6,5,2.98932409286499,3,0.163743019104004
2,100,74,3,4,0.5,1,NaN,5,6,5,2.90164589881897,NaN,0
1,82,,1,,0.5,3,NaN,5,6,5,1.09190082550049,3,0.443938970565796
1,108,,1,,0.5,1,108,3,6,3,1.32623195648193,3,1.52606010437012
1,78,,1,,0.5,1,78,2,6,2,0.988332986831665,2,0.404284954071045
1,100,,4,,0.5,4,100,3,6,3,1.11031699180603,3,1.47037982940674
1,340,,2,,0.5,2,340,1,6,1,0.932549953460693,3,0.396637201309204
2,110,350,2,3,0.8,4,NaN,5,6,5,0,3,0.41181492805481
1,352,,4,,0.8,3,NaN,5,6,5,0.953500032424927,3,0.481599092483521
1,106,,2,,0.8,2,106,3,6,3,0.515562057495117,3,0.431969881057739
1,78,,4,,0.5,2,NaN,5,6,5,0.849940061569214,3,0.394056797027588
2,10,348,1,4,0.8,2,NaN,5,6,5,0.875952959060669,3,0.404032945632935
2,346,340,1,3,0.8,3,340,1,6,4,2.49038290977478,2,0.51463508605957
1,354,,1,,0.8,2,NaN,5,6,5,1.02837491035461,2,0.636635065078735
2,12,356,3,4,0.8,4,356,1,6,4,2.57874798774719,2,0.618636131286621
2,356,112,1,2,0.5,1,356,1,6,1,1.62870693206787,1,0.324780941009521
1,104,,4,,0.8,3,NaN,5,6,5,1.80309391021729,2,0.499118089675903
2,112,70,3,4,0.5,4,70,2,6,2,1.87723708152771,2,0.305407047271729
2,356,74,1,3,0.5,3,74,2,6,1,1.74737501144409,1,0.411470890045166
1,112,,4,,0.8,1,NaN,5,6,5,0.925485134124756,3,0.393785953521729
2,338,94,1,2,0.8,4,NaN,5,6,5,1.03582406044006,3,0.404054880142212
2,74,22,1,2,0.8,3,NaN,5,6,5,1.17379713058472,3,0.46609902381897
1,8,,3,,0.5,3,8,4,6,4,2.32403683662415,2,0.635980129241943
1,20,,3,,0.8,1,NaN,5,6,5,0.926062822341919,3,0.890474081039429
1,340,,1,,0.5,3,NaN,5,6,5,2.42858695983887,3,1.99064016342163
1,4,,3,,0.8,3,4,4,6,4,1.39825296401978,2,0.3386549949646
1,74,,2,,0.5,2,74,2,6,2,1.94059205055237,3,0.492661952972412
2,354,352,1,3,0.5,3,352,1,6,1,2.07880592346191,2,0.362836837768555
1,20,,4,,0.8,4,20,4,6,4,1.86906695365906,3,0.340769052505493
2,348,12,2,4,0.8,3,NaN,5,6,5,2.77485513687134,NaN,0
1,104,,1,,0.5,3,NaN,5,6,5,2.18123602867126,NaN,0
1,18,,3,,0.5,4,NaN,5,6,5,0.365249872207642,3,0.507767915725708
2,12,344,1,2,0.8,4,NaN,5,6,5,0.793402194976807,3,0.481682062149048
1,70,,2,,0.5,2,70,2,6,2,1.37950587272644,3,0.688211917877197
1,72,,2,,0.5,1,NaN,5,6,5,1.02594685554504,3,1.01774096488953
1,18,,1,,0.8,2,NaN,5,6,5,2.99474191665649,3,1.18804502487183
1,10,,2,,0.5,2,10,4,6,1,1.72224807739258,3,0.370428085327148
2,78,80,2,3,0.5,3,80,2,6,2,1.30026006698608,2,0.764184951782227
2,22,22,2,3,0.5,3,22,4,6,4,2.69048190116882,2,0.602557897567749
2,96,70,1,3,0.5,3,70,2,6,4,2.47657203674316,1,0.404808044433594
1,102,,3,,0.5,3,102,3,6,3,1.17898511886597,3,0.499124050140381
2,356,340,1,3,0.8,3,340,1,6,2,1.3490149974823,1,0.189007043838501
2,80,104,1,4,0.5,4,104,3,6,3,1.15549802780151,2,0.747308969497681
1,84,,1,,0.8,1,84,2,6,2,0.973598957061768,2,0.437355995178223
1,20,,3,,0.8,3,20,4,6,1,2.95560693740845,NaN,0
1,94,,3,,0.8,3,94,3,6,3,0.837577104568481,2,0.545903921127319
1,110,,3,,0.8,1,NaN,5,6,5,2.16386985778809,NaN,0
1,344,,1,,0.8,3,NaN,5,6,5,0.909812927246094,3,0.374118089675903
2,342,96,2,3,0.8,2,342,1,6,4,2.95644998550415,NaN,0
1,342,,4,,0.5,4,342,1,6,5,1.23835301399231,1,0.354367017745972
1,74,,4,,0.8,3,NaN,5,6,5,1.0445351600647,3,1.27648878097534
2,108,22,1,3,0.5,2,NaN,5,6,5,0.91053295135498,3,0.378665924072266
1,96,,2,,0.5,2,96,3,6,3,0.780855178833008,3,1.04475498199463
2,68,84,1,3,0.8,1,68,2,6,2,2.85480403900146,NaN,0
2,106,340,1,4,0.8,3,NaN,5,6,5,2.70906019210815,NaN,0
2,108,18,3,4,0.5,2,NaN,5,6,5,0.367084980010986,3,0.493179082870483
1,80,,2,,0.8,4,NaN,5,6,5,0.955076932907104,3,0.562987089157104
2,104,8,1,3,0.5,4,NaN,5,6,5,0.916950941085815,3,0.465215921401978
2,10,98,2,4,0.8,4,98,3,6,2,1.28357911109924,2,1.67531204223633
2,80,82,1,2,0.5,1,80,2,6,2,2.70131278038025,NaN,0
2,106,18,2,3,0.8,3,18,4,6,2,1.83565497398376,1,0.755638122558594
1,86,,3,,0.8,2,NaN,5,6,5,0.949718952178955,3,0.546036958694458
2,14,22,2,4,0.5,3,NaN,5,6,5,1.34816479682922,3,0.508296012878418
1,78,,1,,0.5,4,NaN,5,6,5,0.894202947616577,3,0.714300870895386
1,352,,4,,0.8,3,NaN,5,6,5,1.05270504951477,3,0.628588199615479
2,348,344,1,4,0.5,1,348,1,6,1,2.10253286361694,2,1.0588231086731
2,108,342,1,3,0.8,1,108,3,6,4,1.65283298492432,2,1.21307897567749
2,104,14,2,4,0.8,2,104,3,6,1,1.05502986907959,2,0.571094989776611
1,110,,3,,0.5,1,NaN,5,6,5,2.941162109375,NaN,0
1,22,,1,,0.5,4,NaN,5,6,5,1.17508411407471,3,1.3312840461731
1,104,,2,,0.5,1,NaN,5,6,5,1.04564619064331,3,0.461575984954834
1,80,,3,,0.8,1,NaN,5,6,5,2.67133903503418,NaN,0
2,10,74,1,2,0.8,2,74,2,6,4,2.99181008338928,1,0.0856308937072754
2,98,102,1,3,0.5,3,102,3,6,NaN,0,2,1.49189019203186
2,74,78,1,4,0.8,2,NaN,5,6,5,0.86986780166626,3,1.32591390609741
2,12,76,1,4,0.5,2,NaN,5,6,5,2.848228931427,NaN,0
1,6,,3,,0.8,2,NaN,5,6,5,0.974225997924805,3,0.486346006393433
1,354,,3,,0.5,3,354,1,6,1,1.28831791877747,3,0.500695943832397
2,96,14,2,3,0.8,4,NaN,5,6,5,0.902507066726685,3,0.446547031402588
1,344,,2,,0.5,3,NaN,5,6,5,0.39590311050415,3,0.431406021118164
2,22,112,2,3,0.8,2,22,4,6,4,1.42119908332825,3,0.377752065658569
2,340,338,1,3,0.5,3,338,1,6,1,1.71945405006409,1,0.27558422088623
1,74,,4,,0.8,1,NaN,5,6,5,1.02979493141174,3,0.397906064987183
2,96,72,3,4,0.8,2,NaN,5,6,5,0.975713014602661,3,0.427879095077515
1,98,,3,,0.5,1,NaN,5,6,5,0.766240835189819,3,0.645940065383911
1,354,,4,,0.5,2,NaN,5,6,5,1.03206610679626,3,0.452287912368774
2,342,70,1,3,0.5,3,70,2,6,1,1.87830209732056,1,0.302311897277832
1,68,,1,,0.5,4,NaN,5,6,5,2.98715686798096,3,0.0127189159393311
2,82,338,1,3,0.8,4,NaN,5,6,5,0.910754919052124,3,0.342780113220215
2,354,96,2,4,0.8,4,96,3,6,2,1.99691200256348,1,0.661116123199463
2,18,106,2,4,0.5,4,106,3,6,3,1.22307515144348,3,0.943174839019775
2,354,100,1,4,0.8,4,100,3,6,2,2.45338487625122,1,0.397414207458496
2,78,78,2,4,0.8,3,NaN,5,6,5,1.05561399459839,3,1.15951800346375
1,78,,3,,0.5,3,78,2,6,2,1.27763104438782,3,1.34962582588196
2,74,94,1,4,0.8,3,NaN,5,6,5,0.951596975326538,3,0.735790967941284
2,10,20,2,3,0.5,1,NaN,5,6,5,1.55814504623413,3,0.638073921203613
1,74,,4,,0.5,4,74,2,6,2,0.55993390083313,3,0.472015857696533
2,68,6,2,4,0.8,1,NaN,5,6,5,0.942111015319824,3,0.454171180725098
1,82,,2,,0.5,2,82,2,6,2,0.856142997741699,3,0.752521991729736
2,14,70,3,4,0.8,4,70,2,6,2,2.6624710559845,NaN,0
2,22,4,1,2,0.8,2,4,4,6,2,1.84080004692078,1,0.856569051742554
2,346,86,1,3,0.8,2,NaN,5,6,5,2.46286988258362,NaN,0
2,78,110,2,3,0.8,1,NaN,5,6,5,0.841019153594971,3,0.464943170547485
2,352,112,3,4,0.5,3,352,1,6,1,1.76198101043701,1,0.307584047317505
1,8,,4,,0.5,2,NaN,5,6,5,1.14917492866516,3,0.261174201965332
2,94,18,3,4,0.5,4,18,4,6,4,2.90322303771973,NaN,0
1,344,,3,,0.5,3,344,1,6,4,2.78977084159851,NaN,0
1,342,,4,,0.5,1,NaN,5,6,5,1.0278639793396,3,0.907791137695312
1,352,,2,,0.5,2,352,1,6,4,2.66992807388306,1,0.661796092987061
2,342,356,1,2,0.8,1,342,1,6,1,1.9761118888855,2,0.356200933456421
2,82,94,2,3,0.8,3,94,3,6,2,1.70218396186829,1,0.574156999588013
2,108,18,1,2,0.8,1,108,3,6,3,1.14080500602722,3,1.98762702941895
1,94,,2,,0.8,2,94,3,6,3,2.8147029876709,NaN,0
1,18,,4,,0.5,4,18,4,6,NaN,0,2,0.116940975189209
2,70,6,1,4,0.5,3,NaN,5,6,5,1.04685688018799,3,0.270924091339111
1,14,,4,,0.5,4,14,4,6,4,1.95709109306335,3,0.381164073944092
1,338,,3,,0.8,1,NaN,5,6,5,1.02330088615417,2,1.41556692123413
1,78,,3,,0.8,3,78,2,6,2,1.6935830116272,3,0.661499977111816
1,70,,1,,0.5,4,NaN,5,6,5,2.66355490684509,NaN,0
2,68,74,1,2,0.5,1,68,2,6,2,1.60581803321838,3,0.254097938537598
1,350,,3,,0.8,2,NaN,5,6,5,1.18376278877258,3,0.231854915618896
1,110,,2,,0.5,2,110,3,6,3,2.47802209854126,1,0.422171115875244
1,110,,3,,0.8,3,110,3,6,3,1.27215814590454,2,0.928249835968018
2,112,68,2,4,0.8,3,NaN,5,6,5,1.12647390365601,3,0.478399991989136
2,10,78,2,3,0.8,4,NaN,5,6,5,1.2485568523407,3,0.456374883651733
2,82,96,1,2,0.8,1,82,2,6,2,1.40683484077454,2,0.294675827026367
1,14,,1,,0.8,1,14,4,6,4,2.08905696868896,NaN,0
1,16,,2,,0.8,1,NaN,5,6,5,1.81551885604858,NaN,0
2,18,82,3,4,0.8,4,82,2,6,2,1.26765704154968,2,0.191792011260986
2,344,4,2,4,0.5,3,NaN,5,6,5,1.12211608886719,3,0.554162979125977
2,84,98,2,3,0.8,2,84,2,6,3,1.76031804084778,2,0.760231971740723
1,100,,1,,0.8,1,100,3,6,3,0.730278968811035,3,0.514194965362549
1,76,,1,,0.5,3,NaN,5,6,5,0.724730968475342,3,0.4006028175354
2,12,98,1,4,0.5,2,NaN,5,6,5,0.866612911224365,3,0.298635005950928
1,348,,4,,0.8,2,NaN,5,6,5,0.977138996124268,3,0.440834045410156
2,70,350,1,2,0.5,1,70,2,6,2,2.04308080673218,1,1.34701299667358
2,70,86,2,4,0.5,1,NaN,5,6,5,2.98791790008545,3,0.161359071731567
1,104,,2,,0.5,2,104,3,6,5,2.91552019119263,3,0.795281887054443
2,100,10,2,3,0.8,2,100,3,6,4,1.85766196250916,1,0.585706949234009
1,18,,2,,0.5,3,NaN,5,6,5,1.14788699150085,3,0.451839923858643
1,102,,3,,0.5,3,102,3,6,3,2.76206994056702,NaN,0
2,342,348,2,3,0.5,3,348,1,6,4,1.81195497512817,3,0.172177076339722
2,352,354,1,2,0.5,1,352,1,6,1,1.69846200942993,2,0.826257944107056
1,18,,2,,0.5,3,NaN,5,6,5,1.94852590560913,1,0.500372886657715
2,20,16,2,3,0.5,2,20,4,6,4,0.794571161270142,1,0.418540954589844
1,10,,2,,0.8,4,NaN,5,6,5,1.01259398460388,2,0.684544801712036
2,74,352,1,4,0.8,1,74,2,6,4,2.08282613754272,1,0.378787040710449
1,14,,1,,0.5,4,NaN,5,6,5,0.989068031311035,3,0.48513388633728
2,106,348,3,4,0.8,4,348,1,6,4,2.55510401725769,NaN,0
2,106,98,3,4,0.8,4,98,3,6,3,2.11722898483276,3,1.72515892982483
2,100,22,1,2,0.8,1,100,3,6,3,1.02770590782166,3,0.539614915847778
1,70,,4,,0.8,1,NaN,5,6,5,0.386779069900513,3,0.462199926376343
2,348,82,1,3,0.5,2,NaN,5,6,5,1.051913022995,3,0.707995176315308
1,104,,3,,0.5,3,104,3,6,3,2.66203999519348,3,0.962301015853882
1,342,,1,,0.5,3,NaN,5,6,5,1.2521870136261,3,0.588539838790894
1,80,,2,,0.5,4,NaN,5,6,5,0,3,0.954580068588257
2,340,350,1,4,0.5,2,NaN,5,6,5,2.1565899848938,NaN,0
1,350,,3,,0.5,4,NaN,5,6,5,1.06263589859009,3,0.483258962631226
1,340,,4,,0.8,2,NaN,5,6,5,0,2,1.29299378395081
2,352,344,3,4,0.8,2,NaN,5,6,5,0.863323211669922,1,0.427299022674561
1,78,,4,,0.5,2,NaN,5,6,5,1.0854799747467,1,0.421441078186035
1,12,,1,,0.8,2,NaN,5,6,5,0.839341878890991,3,0.643742084503174
2,10,68,3,4,0.8,3,10,4,6,1,1.50969004631042,1,0.34990406036377
2,84,84,1,2,0.5,2,84,2,6,2,0.847901821136475,3,0.412131071090698
1,356,,3,,0.5,3,356,1,6,1,2.06233596801758,3,0.486357927322388
1,78,,1,,0.8,1,78,2,6,2,1.27657103538513,3,0.516248941421509
2,16,72,2,3,0.5,3,72,2,6,2,1.31857109069824,3,0.510350942611694
2,70,102,2,4,0.8,4,102,3,6,2,1.23654413223267,3,0.71686315536499
1,344,,2,,0.5,3,NaN,5,6,5,2.83077716827393,NaN,0
1,356,,4,,0.5,3,NaN,5,6,5,1.0208568572998,3,0.580851793289185
1,356,,1,,0.8,3,NaN,5,6,2,1.09500598907471,1,0.735008955001831
2,356,86,2,4,0.5,1,NaN,5,6,5,1.12547206878662,2,0.541196823120117
2,346,8,1,4,0.8,1,346,1,6,1,2.09522795677185,1,0.679238080978394
2,6,350,3,4,0.5,1,NaN,5,6,5,1.02155900001526,3,0.421452045440674
2,348,102,1,4,0.5,1,348,1,6,4,1.62357997894287,1,0.767519950866699
2,342,340,3,4,0.8,1,NaN,5,7,5,0.731153964996338,3,1.46694302558899
2,68,102,1,3,0.5,2,NaN,5,7,NaN,0,1,1.8402681350708
1,356,,2,,0.8,1,NaN,5,7,5,1.02627110481262,3,0.510601043701172
2,80,350,2,3,0.8,2,80,2,7,2,0.752762079238892,3,1.11265993118286
1,84,,2,,0.8,2,84,2,7,2,0.682678937911987,2,0.614948987960815
2,20,20,1,2,0.8,4,NaN,5,7,5,0,3,0.561130046844482
1,14,,4,,0.5,1,NaN,5,7,5,0,3,0.85947585105896
2,340,338,1,4,0.5,1,340,1,7,1,2.03384900093079,1,0.537435054779053
2,22,94,3,4,0.8,1,NaN,5,7,5,0,3,0.49980092048645
2,340,356,2,4,0.8,1,NaN,5,7,5,0,3,0.497808933258057
2,348,20,1,3,0.5,4,NaN,5,7,5,0,3,0.491904020309448
1,4,,1,,0.5,3,NaN,5,7,5,0,3,0.634404897689819
1,68,,1,,0.8,3,NaN,5,7,5,0,3,0.728705883026123
2,80,72,1,4,0.8,1,80,2,7,2,1.54660415649414,2,0.898983001708984
2,6,108,1,2,0.5,1,6,4,7,1,1.90869903564453,2,0.556974172592163
1,104,,4,,0.5,3,NaN,5,7,5,0.88311505317688,3,0.475114107131958
1,352,,3,,0.8,4,NaN,5,7,5,1.14936709403992,3,0.565229892730713
2,356,74,2,3,0.8,1,NaN,5,7,5,0,3,0.531693935394287
2,86,4,1,4,0.5,3,NaN,5,7,5,0.805450916290283,3,0.541543006896973
2,6,352,1,3,0.8,3,352,1,7,1,2.41987109184265,1,0.76393985748291
2,84,110,1,4,0.8,3,NaN,5,7,5,0,3,0.634353876113892
1,346,,1,,0.8,4,NaN,5,7,5,0.828376054763794,3,0.420173168182373
1,14,,4,,0.8,3,NaN,5,7,5,0.7261061668396,3,0.626458168029785
2,344,74,1,4,0.5,3,NaN,5,7,5,0,3,1.03645610809326
2,108,10,1,2,0.8,1,108,3,7,3,0.68780517578125,3,0.534036874771118
1,98,,3,,0.8,2,NaN,5,7,5,0,3,1.62345004081726
2,110,94,3,4,0.8,4,94,3,7,2,1.51817393302917,2,1.06212282180786
1,352,,4,,0.8,4,352,1,7,1,1.1281430721283,3,0.607928991317749
1,76,,3,,0.5,3,76,2,7,2,0.630467891693115,3,0.542147159576416
2,106,70,3,4,0.5,4,70,2,7,2,1.10432600975037,2,0.48841381072998
2,82,102,1,2,0.8,2,102,3,7,3,1.50267887115479,1,0.470988988876343
2,10,20,1,2,0.8,3,NaN,5,7,5,0.952831983566284,3,0.800832033157349
1,70,,1,,0.8,2,NaN,5,7,5,1.07904505729675,3,0.495298147201538
2,104,106,2,3,0.5,1,NaN,5,7,5,1.26497006416321,3,0.569079160690308
2,110,100,1,4,0.8,2,NaN,5,7,5,0,3,0.663677930831909
2,78,22,2,4,0.5,2,78,2,7,3,1.75347208976746,1,0.517731904983521
2,106,14,2,3,0.5,4,NaN,5,7,5,0,3,0.46399998664856
2,16,80,1,4,0.8,1,16,4,7,1,2.20990109443665,1,0.537806034088135
1,72,,4,,0.5,4,72,2,7,2,0.672047138214111,3,0.472325086593628
1,342,,4,,0.8,4,342,1,7,1,1.49856901168823,2,0.630526065826416
1,352,,2,,0.5,2,352,1,7,4,1.60873198509216,1,0.656614780426025
2,100,348,2,4,0.5,3,NaN,5,7,5,1.12268996238708,3,0.590816020965576
1,354,,3,,0.5,3,354,1,7,1,1.95292401313782,1,1.22488284111023
2,14,100,1,3,0.5,3,100,3,7,1,2.21916198730469,1,0.567222118377686
1,352,,2,,0.5,4,NaN,5,7,5,0,3,0.513439893722534
1,102,,3,,0.5,2,NaN,5,7,5,0,3,0.655791997909546
2,112,108,2,4,0.8,4,108,3,7,3,1.18555593490601,2,0.633682012557983
2,110,82,2,4,0.8,3,NaN,5,7,5,1.00391602516174,3,0.423923969268799
2,94,100,1,2,0.5,1,94,3,7,3,0.423165082931519,2,0.52827000617981
1,108,,2,,0.5,3,NaN,5,7,5,0,3,0.721901178359985
2,98,346,1,2,0.5,1,98,3,7,1,1.90788316726685,1,0.576114892959595
2,22,74,1,3,0.8,2,NaN,5,7,5,0,3,0.58624005317688
2,86,96,3,4,0.5,1,NaN,5,7,5,0.92456579208374,3,0.520539999008179
2,340,8,1,4,0.5,1,340,1,7,1,1.53065705299377,2,0.466932058334351
1,348,,2,,0.8,2,348,1,7,1,1.62098717689514,2,0.496925115585327
2,338,350,1,3,0.5,4,NaN,5,7,5,1.21914887428284,3,0.5713050365448
2,16,14,2,3,0.8,3,14,4,7,4,1.70916390419006,2,0.60147500038147
1,16,,4,,0.5,2,NaN,5,7,5,0,3,0.515331029891968
1,70,,4,,0.8,4,70,2,7,2,2.99703121185303,2,0.113771915435791
2,96,20,3,4,0.5,1,NaN,5,7,5,0.97995400428772,3,1.27588295936584
2,348,104,2,4,0.5,3,NaN,5,7,5,1.06982707977295,3,0.778110027313232
1,78,,1,,0.5,1,78,2,7,2,0.828071117401123,1,0.516489028930664
1,340,,4,,0.5,1,NaN,5,7,5,0.982170104980469,3,0.466681003570557
1,338,,4,,0.5,4,338,1,7,4,1.84459400177002,1,0.428821802139282
1,8,,4,,0.8,1,NaN,5,7,5,0.750566959381104,3,0.826956987380981
1,96,,3,,0.8,2,NaN,5,7,5,0.957158088684082,3,0.917046070098877
1,78,,2,,0.5,2,78,2,7,2,0.551071166992188,2,0.707326889038086
2,96,348,1,3,0.5,4,NaN,5,7,5,1.4293200969696,3,0.669368028640747
1,346,,2,,0.5,2,346,1,7,1,0.671380996704102,2,0.779676914215088
2,86,70,2,3,0.8,3,70,2,7,3,1.59779000282288,1,1.3337550163269
1,352,,2,,0.8,3,NaN,5,7,5,0,3,0.99587607383728
1,76,,4,,0.5,4,76,2,7,2,0.61406397819519,2,1.4700140953064
1,80,,3,,0.8,3,80,2,7,2,0.181298017501831,3,0.765136957168579
1,350,,2,,0.5,1,NaN,5,7,5,0,3,0.67073917388916
2,96,100,2,4,0.5,1,NaN,5,7,5,0,3,1.09699010848999
1,340,,2,,0.8,1,NaN,5,7,5,0.991490840911865,3,1.1435079574585
1,348,,3,,0.5,3,348,1,7,1,1.01730990409851,3,1.42942380905151
2,94,80,2,3,0.5,3,80,2,7,2,1.43178987503052,1,0.415601015090942
2,340,12,2,4,0.8,1,NaN,5,7,5,0,3,1.06984877586365
2,110,112,1,4,0.8,4,112,3,7,3,1.28000092506409,2,0.488356113433838
1,94,,2,,0.8,2,94,3,7,3,0.634015083312988,2,0.550441980361938
1,350,,3,,0.5,1,NaN,5,7,5,0,3,0.400326013565063
2,110,344,1,3,0.5,1,110,3,7,3,1.04238486289978,3,0.334681987762451
2,346,104,1,2,0.8,4,NaN,5,7,5,0,3,0.408946990966797
1,348,,2,,0.5,2,348,1,7,4,2.20307612419128,1,0.583037853240967
1,346,,3,,0.5,3,346,1,7,1,0.64909815788269,2,0.529145956039429
1,344,,1,,0.5,1,344,1,7,1,1.26725316047668,2,0.415388107299805
2,16,342,1,3,0.8,1,16,4,7,4,1.80957102775574,3,0.649472951889038
2,76,8,3,4,0.5,2,NaN,5,7,5,1.09978914260864,3,0.615952014923096
1,16,,4,,0.8,3,NaN,5,7,5,0,3,0.594170808792114
2,94,6,1,3,0.5,1,94,3,7,3,0.883914947509766,2,0.560285806655884
1,80,,2,,0.8,4,NaN,5,7,5,0,1,0.442361116409302
1,344,,1,,0.8,1,344,1,7,1,1.08438491821289,2,0.584595203399658
1,346,,2,,0.8,2,346,1,7,1,1.91466212272644,1,1.61864805221558
1,356,,4,,0.8,4,356,1,7,1,2.69290900230408,2,0.94484281539917
2,350,346,2,3,0.8,4,NaN,5,7,5,1.0750048160553,3,1.43532705307007
2,350,78,2,3,0.8,1,NaN,5,7,5,0,3,0.812792062759399
2,22,352,1,2,0.5,4,NaN,5,7,5,0,3,0.69091796875
1,94,,2,,0.8,2,94,3,7,2,1.6688768863678,1,1.12132692337036
2,22,16,3,4,0.8,2,NaN,5,7,5,0,3,0.795122861862183
1,344,,3,,0.5,3,344,1,7,1,1.27716398239136,3,1.09741282463074
2,338,344,2,3,0.8,2,338,1,7,1,1.29178595542908,2,0.547783851623535
1,72,,3,,0.5,1,NaN,5,7,5,0,3,0.753844976425171
1,78,,1,,0.8,3,NaN,5,7,5,0.995925903320312,3,0.524007081985474
1,4,,1,,0.8,1,4,4,7,4,2.50990891456604,1,1.17820692062378
1,110,,2,,0.8,4,NaN,5,7,5,0.732181072235107,3,0.452294111251831
2,108,346,1,3,0.5,1,108,3,7,3,1.2862548828125,2,0.450500965118408
2,18,110,2,4,0.8,2,18,4,7,2,2.72462201118469,1,0.924649000167847
1,74,,2,,0.8,2,74,2,7,2,0.606756925582886,2,0.98702597618103
2,102,356,1,2,0.5,3,NaN,5,7,5,0,3,1.04530501365662
1,82,,2,,0.5,2,82,2,7,2,0.727121114730835,3,1.95568609237671
1,6,,3,,0.5,3,6,4,7,4,0.837701082229614,1,0.637734889984131
1,100,,3,,0.5,4,NaN,5,7,5,0.99170708656311,3,0.539723873138428
2,78,68,1,2,0.8,3,NaN,5,7,5,0,3,1.02988600730896
1,74,,4,,0.8,2,NaN,5,7,5,0,2,0.660179853439331
1,18,,3,,0.5,2,NaN,5,7,5,0,3,1.32649397850037
1,10,,1,,0.5,1,10,4,7,4,1.69615888595581,2,1.91679215431213
1,74,,1,,0.5,4,NaN,5,7,5,0,2,0.774504899978638
1,100,,1,,0.5,4,NaN,5,7,5,0,1,1.02906394004822
2,86,338,1,4,0.8,2,NaN,5,7,5,1.07891011238098,3,0.84676718711853
2,10,338,2,4,0.5,3,NaN,5,7,5,0,3,0.483392000198364
2,104,100,3,4,0.5,4,100,3,7,3,1.03722596168518,1,0.921225070953369
1,350,,1,,0.5,1,350,1,7,1,0.662994861602783,2,0.675264120101929
1,76,,1,,0.5,4,NaN,5,7,5,0,3,0.429543972015381
1,72,,4,,0.8,4,72,2,7,2,0.623530149459839,1,0.843698024749756
2,80,354,1,4,0.5,1,80,2,7,2,1.24587416648865,2,0.438057899475098
2,14,78,1,3,0.5,3,78,2,7,4,2.21580600738525,1,0.500205039978027
2,106,342,2,4,0.5,4,342,1,7,4,2.16615295410156,1,0.718234062194824
2,86,98,1,2,0.5,3,NaN,5,7,5,2.99894595146179,3,0.108486175537109
1,4,,1,,0.5,1,4,4,7,4,0.750755071640015,2,0.454748868942261
2,340,102,2,4,0.8,4,102,3,7,3,1.6770761013031,1,0.468691110610962
2,8,352,3,4,0.8,2,NaN,5,7,5,1.11073589324951,3,1.48696112632751
1,78,,4,,0.8,4,78,2,7,2,0.709280967712402,2,0.525354146957397
2,86,6,1,2,0.5,4,NaN,5,7,5,0,3,0.535304069519043
1,86,,3,,0.8,4,NaN,5,7,5,0,2,0.469543933868408
1,348,,1,,0.8,1,348,1,7,1,1.14390301704407,2,0.687787055969238
1,18,,1,,0.5,3,NaN,5,7,5,1.02988195419312,2,0.894030809402466
2,68,80,2,3,0.8,4,NaN,5,7,5,0,3,0.808372020721436
2,78,4,2,3,0.8,1,NaN,5,7,5,0,3,1.19070887565613
2,112,354,2,3,0.5,3,354,1,7,4,2.64851593971252,1,0.624469995498657
1,338,,3,,0.8,3,338,1,7,1,0.695035219192505,2,0.65483283996582
2,10,98,1,4,0.8,4,98,3,7,3,0.592781066894531,2,0.568805932998657
1,350,,4,,0.8,4,350,1,7,1,1.95128202438354,1,0.503299951553345
2,6,344,3,4,0.8,4,344,1,7,4,1.43310403823853,1,0.689482927322388
1,74,,4,,0.5,4,74,2,7,NaN,0,2,0.482151031494141
1,20,,3,,0.8,3,20,4,7,4,0.827883958816528,3,0.627745866775513
1,98,,1,,0.5,1,98,3,7,3,0.789935827255249,2,0.594192981719971
1,106,,3,,0.8,3,106,3,7,3,0.980108976364136,1,0.620223999023438
2,22,74,1,2,0.5,3,NaN,5,7,5,0.590324878692627,3,0.714403867721558
2,112,94,1,3,0.5,1,112,3,7,5,0,1,0.50072193145752
1,112,,1,,0.8,3,NaN,5,7,5,0,2,0.467029094696045
2,346,350,2,4,0.5,1,NaN,5,7,5,0,3,0.557379961013794
1,108,,1,,0.5,1,108,3,7,3,0.575095176696777,2,0.619301080703735
1,86,,4,,0.5,3,NaN,5,7,5,0,NaN,0
1,98,,2,,0.8,2,98,3,7,3,0.555569171905518,2,0.819617033004761
2,22,70,1,3,0.8,1,22,4,7,4,0.75806999206543,3,0.493836164474487
2,96,74,2,4,0.5,1,NaN,5,7,5,0,3,0.716003894805908
2,10,96,1,2,0.8,3,NaN,5,7,5,0,3,0.55010199546814
2,110,356,1,4,0.8,3,NaN,5,7,5,0,3,0.852547168731689
2,100,16,3,4,0.5,1,NaN,5,7,5,1.39854502677917,3,0.718525886535645
2,22,78,2,3,0.5,2,22,4,7,2,2.70875000953674,1,1.21272206306458
1,8,,4,,0.5,4,8,4,7,4,0.766933917999268,3,0.566911935806274
2,16,338,1,4,0.5,4,338,1,7,4,1.96522092819214,1,0.517251968383789
2,112,8,2,4,0.8,4,8,4,7,4,0.871352910995483,2,0.639323949813843
1,106,,2,,0.8,1,NaN,5,7,5,1.09386014938354,2,1.27771306037903
2,10,4,1,2,0.5,2,4,4,7,1,2.07958889007568,1,0.471898078918457
1,78,,2,,0.5,3,NaN,5,7,5,0.990200996398926,3,0.518025875091553
1,4,,1,,0.8,1,4,4,7,4,0.776185989379883,2,0.608199834823608
2,102,94,1,3,0.5,2,NaN,5,7,5,0.313562870025635,3,0.679803133010864
2,18,14,2,3,0.5,4,NaN,5,7,5,0,3,0.701417922973633
2,16,112,2,3,0.8,4,NaN,5,7,5,0,3,0.551358938217163
1,110,,4,,0.8,2,NaN,5,7,5,0,3,0.517767906188965
1,72,,4,,0.5,1,NaN,5,7,5,0,3,1.07185316085815
1,100,,3,,0.8,1,NaN,5,7,5,0,3,0.574245929718018
2,80,10,3,4,0.8,4,10,4,7,4,1.55217504501343,2,0.604696035385132
1,12,,1,,0.5,1,12,4,7,4,0.666207075119019,2,0.566611051559448
1,18,,2,,0.8,3,NaN,5,7,5,0,3,0.608543157577515
2,338,4,1,4,0.8,1,338,1,7,1,1.66652393341064,1,0.478870868682861
2,338,78,1,4,0.8,3,NaN,5,7,5,0,3,0.584950923919678
1,82,,1,,0.8,1,82,2,7,2,0.603299140930176,2,0.583279848098755
1,350,,3,,0.5,2,NaN,5,7,5,0,2,0.54532790184021
1,82,,3,,0.5,3,82,2,7,4,0.643294095993042,1,0.527652025222778
2,98,78,1,3,0.8,4,NaN,5,7,5,0,2,1.99325799942017
1,84,,4,,0.5,3,NaN,5,7,5,0,3,0.744107961654663
1,10,,2,,0.8,2,10,4,7,4,1.11409902572632,2,0.642107963562012
2,340,106,3,4,0.8,3,340,1,7,4,2.20048522949219,1,0.640529870986938
1,342,,3,,0.8,3,342,1,7,1,0.578742980957031,2,0.778472185134888
2,352,72,3,4,0.8,1,NaN,5,7,5,1.18501901626587,3,0.489089965820312
1,94,,3,,0.5,3,94,3,7,3,0.618878841400146,3,1.82680201530457
2,342,96,2,4,0.8,3,NaN,5,7,5,0,3,0.833196878433228
1,106,,1,,0.5,1,106,3,7,3,0.723136901855469,3,1.64318704605103
2,4,102,3,4,0.5,3,4,4,7,3,2.01739597320557,1,0.569435834884644
